Tipo de jornada;Sexo;Decil;Periodo;Total
Total;Total;Total decil;2022;2.128,37
Total;Total;Total decil;2021;2.086,78
Total;Total;Total decil;2020;2.038,59
Total;Total;Total decil;2019;1.982,31
Total;Total;Total decil;2018;1.944,42
Total;Total;Total decil;2017;1.888,95
Total;Total;Total decil;2016;1.878,09
Total;Total;Total decil;2015;1.893,7
Total;Total;Total decil;2014;1.881,32
Total;Total;Total decil;2013;1.869,11
Total;Total;Total decil;2012;1.850,26
Total;Total;Total decil;2011;1.841,75
Total;Total;Total decil;2010;1.838,82
Total;Total;Total decil;2009;1.815,18
Total;Total;Total decil;2008;1.774,34
Total;Total;Total decil;2007;1.643,46
Total;Total;Total decil;2006;1.572,59
Total;Total;1;2022;623,3
Total;Total;1;2021;570,52
Total;Total;1;2020;521,33
Total;Total;1;2019;532,31
Total;Total;1;2018;479,9
Total;Total;1;2017;464,34
Total;Total;1;2016;462,72
Total;Total;1;2015;420,05
Total;Total;1;2014;411,17
Total;Total;1;2013;414,49
Total;Total;1;2012;425,57
Total;Total;1;2011;464,5
Total;Total;1;2010;482,43
Total;Total;1;2009;495,94
Total;Total;1;2008;501,25
Total;Total;1;2007;501,73
Total;Total;1;2006;474,18
Total;Total;2;2022;1.138,68
Total;Total;2;2021;1.042,58
Total;Total;2;2020;1.006,63
Total;Total;2;2019;994,51
Total;Total;2;2018;904,87
Total;Total;2;2017;863,9
Total;Total;2;2016;856,88
Total;Total;2;2015;828,96
Total;Total;2;2014;819,61
Total;Total;2;2013;812,18
Total;Total;2;2012;840,19
Total;Total;2;2011;863,82
Total;Total;2;2010;893,11
Total;Total;2;2009;875,93
Total;Total;2;2008;888,73
Total;Total;2;2007;852,21
Total;Total;2;2006;800,67
Total;Total;3;2022;1.346,27
Total;Total;3;2021;1.267,6
Total;Total;3;2020;1.236,99
Total;Total;3;2019;1.222,45
Total;Total;3;2018;1.156,51
Total;Total;3;2017;1.121,9
Total;Total;3;2016;1.118,31
Total;Total;3;2015;1.102,14
Total;Total;3;2014;1.100,85
Total;Total;3;2013;1.103,32
Total;Total;3;2012;1.121,65
Total;Total;3;2011;1.128,86
Total;Total;3;2010;1.141,96
Total;Total;3;2009;1.120,03
Total;Total;3;2008;1.113,37
Total;Total;3;2007;1.060,66
Total;Total;3;2006;1.006,02
Total;Total;4;2022;1.528,94
Total;Total;4;2021;1.461,63
Total;Total;4;2020;1.423,4
Total;Total;4;2019;1.418,13
Total;Total;4;2018;1.357,44
Total;Total;4;2017;1.323
Total;Total;4;2016;1.325,36
Total;Total;4;2015;1.310,96
Total;Total;4;2014;1.315,48
Total;Total;4;2013;1.318,7
Total;Total;4;2012;1.322,12
Total;Total;4;2011;1.309,99
Total;Total;4;2010;1.316,31
Total;Total;4;2009;1.290,22
Total;Total;4;2008;1.267,34
Total;Total;4;2007;1.203,8
Total;Total;4;2006;1.144,23
Total;Total;5;2022;1.717,18
Total;Total;5;2021;1.657,27
Total;Total;5;2020;1.606,91
Total;Total;5;2019;1.595,3
Total;Total;5;2018;1.546,73
Total;Total;5;2017;1.497,73
Total;Total;5;2016;1.498,22
Total;Total;5;2015;1.497,67
Total;Total;5;2014;1.502,97
Total;Total;5;2013;1.503,02
Total;Total;5;2012;1.492,68
Total;Total;5;2011;1.484,84
Total;Total;5;2010;1.478,49
Total;Total;5;2009;1.443,59
Total;Total;5;2008;1.411,69
Total;Total;5;2007;1.337,14
Total;Total;5;2006;1.270,35
Total;Total;6;2022;1.923,82
Total;Total;6;2021;1.874
Total;Total;6;2020;1.816,81
Total;Total;6;2019;1.793,56
Total;Total;6;2018;1.752,61
Total;Total;6;2017;1.698,01
Total;Total;6;2016;1.703,87
Total;Total;6;2015;1.703,73
Total;Total;6;2014;1.715,14
Total;Total;6;2013;1.703,65
Total;Total;6;2012;1.685,43
Total;Total;6;2011;1.678,8
Total;Total;6;2010;1.667,4
Total;Total;6;2009;1.627,28
Total;Total;6;2008;1.577,72
Total;Total;6;2007;1.491,6
Total;Total;6;2006;1.418,54
Total;Total;7;2022;2.195,67
Total;Total;7;2021;2.163,23
Total;Total;7;2020;2.107,38
Total;Total;7;2019;2.058,48
Total;Total;7;2018;2.017,4
Total;Total;7;2017;1.970,29
Total;Total;7;2016;1.969,37
Total;Total;7;2015;1.960,42
Total;Total;7;2014;1.996,68
Total;Total;7;2013;1.979,18
Total;Total;7;2012;1.943,47
Total;Total;7;2011;1.926,53
Total;Total;7;2010;1.916,64
Total;Total;7;2009;1.869,76
Total;Total;7;2008;1.795,61
Total;Total;7;2007;1.703,23
Total;Total;7;2006;1.629,36
Total;Total;8;2022;2.602,46
Total;Total;8;2021;2.576,34
Total;Total;8;2020;2.541,41
Total;Total;8;2019;2.446,63
Total;Total;8;2018;2.422,04
Total;Total;8;2017;2.363,15
Total;Total;8;2016;2.355
Total;Total;8;2015;2.363,55
Total;Total;8;2014;2.386,34
Total;Total;8;2013;2.364,47
Total;Total;8;2012;2.304,23
Total;Total;8;2011;2.291,51
Total;Total;8;2010;2.291,37
Total;Total;8;2009;2.240,02
Total;Total;8;2008;2.144,92
Total;Total;8;2007;2.043,02
Total;Total;8;2006;1.960,29
Total;Total;9;2022;3.187,59
Total;Total;9;2021;3.159,64
Total;Total;9;2020;3.160,32
Total;Total;9;2019;3.035,46
Total;Total;9;2018;3.006,17
Total;Total;9;2017;2.955,46
Total;Total;9;2016;2.921,88
Total;Total;9;2015;2.964,23
Total;Total;9;2014;2.946,62
Total;Total;9;2013;2.915,77
Total;Total;9;2012;2.851,55
Total;Total;9;2011;2.847,54
Total;Total;9;2010;2.842,26
Total;Total;9;2009;2.818,47
Total;Total;9;2008;2.695,83
Total;Total;9;2007;2.570,05
Total;Total;9;2006;2.447,82
Total;Total;10;2022;5.019,08
Total;Total;10;2021;5.092,67
Total;Total;10;2020;4.964,01
Total;Total;10;2019;4.725,47
Total;Total;10;2018;4.799,61
Total;Total;10;2017;4.631,17
Total;Total;10;2016;4.568,68
Total;Total;10;2015;4.784,5
Total;Total;10;2014;4.616,94
Total;Total;10;2013;4.574,92
Total;Total;10;2012;4.515,01
Total;Total;10;2011;4.418,37
Total;Total;10;2010;4.356,53
Total;Total;10;2009;4.370,12
Total;Total;10;2008;4.346,26
Total;Total;10;2007;3.670,83
Total;Total;10;2006;3.573,7
Total;Hombres;Total decil;2022;2.303,46
Total;Hombres;Total decil;2021;2.276,85
Total;Hombres;Total decil;2020;2.210,3
Total;Hombres;Total decil;2019;2.173,62
Total;Hombres;Total decil;2018;2.161,31
Total;Hombres;Total decil;2017;2.090,65
Total;Hombres;Total decil;2016;2.075,65
Total;Hombres;Total decil;2015;2.122,47
Total;Hombres;Total decil;2014;2.125,86
Total;Hombres;Total decil;2013;2.102,1
Total;Hombres;Total decil;2012;2.083,74
Total;Hombres;Total decil;2011;2.058,04
Total;Hombres;Total decil;2010;2.049,81
Total;Hombres;Total decil;2009;2.023,93
Total;Hombres;Total decil;2008;1.978,63
Total;Hombres;Total decil;2007;1.814,38
Total;Hombres;Total decil;2006;1.731,16
Total;Hombres;1;2022;651,21
Total;Hombres;1;2021;595,19
Total;Hombres;1;2020;551,65
Total;Hombres;1;2019;551,56
Total;Hombres;1;2018;507,15
Total;Hombres;1;2017;493,12
Total;Hombres;1;2016;512,08
Total;Hombres;1;2015;454,86
Total;Hombres;1;2014;432,35
Total;Hombres;1;2013;442,06
Total;Hombres;1;2012;457
Total;Hombres;1;2011;490,46
Total;Hombres;1;2010;516,76
Total;Hombres;1;2009;513,16
Total;Hombres;1;2008;538,63
Total;Hombres;1;2007;536,98
Total;Hombres;1;2006;493,54
Total;Hombres;2;2022;1.151,1
Total;Hombres;2;2021;1.056,97
Total;Hombres;2;2020;1.014,6
Total;Hombres;2;2019;1.006,75
Total;Hombres;2;2018;910,95
Total;Hombres;2;2017;873,09
Total;Hombres;2;2016;857,1
Total;Hombres;2;2015;833,73
Total;Hombres;2;2014;823,5
Total;Hombres;2;2013;818,82
Total;Hombres;2;2012;849,03
Total;Hombres;2;2011;873,13
Total;Hombres;2;2010;905,07
Total;Hombres;2;2009;886,66
Total;Hombres;2;2008;895,01
Total;Hombres;2;2007;861,72
Total;Hombres;2;2006;808,01
Total;Hombres;3;2022;1.346,16
Total;Hombres;3;2021;1.270,01
Total;Hombres;3;2020;1.240,73
Total;Hombres;3;2019;1.222,93
Total;Hombres;3;2018;1.158,64
Total;Hombres;3;2017;1.124,32
Total;Hombres;3;2016;1.118,25
Total;Hombres;3;2015;1.101,65
Total;Hombres;3;2014;1.103,25
Total;Hombres;3;2013;1.111,93
Total;Hombres;3;2012;1.126,52
Total;Hombres;3;2011;1.131,97
Total;Hombres;3;2010;1.144,56
Total;Hombres;3;2009;1.122,73
Total;Hombres;3;2008;1.116,09
Total;Hombres;3;2007;1.066,84
Total;Hombres;3;2006;1.009,55
Total;Hombres;4;2022;1.530,66
Total;Hombres;4;2021;1.463,35
Total;Hombres;4;2020;1.425,39
Total;Hombres;4;2019;1.419,26
Total;Hombres;4;2018;1.360,62
Total;Hombres;4;2017;1.324,82
Total;Hombres;4;2016;1.330,86
Total;Hombres;4;2015;1.312,87
Total;Hombres;4;2014;1.318,31
Total;Hombres;4;2013;1.321,59
Total;Hombres;4;2012;1.323,38
Total;Hombres;4;2011;1.312,36
Total;Hombres;4;2010;1.318,35
Total;Hombres;4;2009;1.291,13
Total;Hombres;4;2008;1.270,47
Total;Hombres;4;2007;1.205,04
Total;Hombres;4;2006;1.145,35
Total;Hombres;5;2022;1.719,69
Total;Hombres;5;2021;1.658,42
Total;Hombres;5;2020;1.608,39
Total;Hombres;5;2019;1.597,82
Total;Hombres;5;2018;1.546,3
Total;Hombres;5;2017;1.499
Total;Hombres;5;2016;1.497,85
Total;Hombres;5;2015;1.497,04
Total;Hombres;5;2014;1.503,62
Total;Hombres;5;2013;1.502,89
Total;Hombres;5;2012;1.493,79
Total;Hombres;5;2011;1.485,07
Total;Hombres;5;2010;1.476,74
Total;Hombres;5;2009;1.444,09
Total;Hombres;5;2008;1.412,55
Total;Hombres;5;2007;1.337,69
Total;Hombres;5;2006;1.271,35
Total;Hombres;6;2022;1.922,65
Total;Hombres;6;2021;1.871,78
Total;Hombres;6;2020;1.816,25
Total;Hombres;6;2019;1.792,92
Total;Hombres;6;2018;1.752,3
Total;Hombres;6;2017;1.698,53
Total;Hombres;6;2016;1.704,37
Total;Hombres;6;2015;1.705,75
Total;Hombres;6;2014;1.716,05
Total;Hombres;6;2013;1.702,27
Total;Hombres;6;2012;1.686,16
Total;Hombres;6;2011;1.679,68
Total;Hombres;6;2010;1.667,34
Total;Hombres;6;2009;1.625,4
Total;Hombres;6;2008;1.578,66
Total;Hombres;6;2007;1.490,2
Total;Hombres;6;2006;1.417,88
Total;Hombres;7;2022;2.195,42
Total;Hombres;7;2021;2.162,86
Total;Hombres;7;2020;2.106,94
Total;Hombres;7;2019;2.059,78
Total;Hombres;7;2018;2.017,29
Total;Hombres;7;2017;1.966,88
Total;Hombres;7;2016;1.968,06
Total;Hombres;7;2015;1.961,57
Total;Hombres;7;2014;1.998,99
Total;Hombres;7;2013;1.978,06
Total;Hombres;7;2012;1.943,26
Total;Hombres;7;2011;1.928,07
Total;Hombres;7;2010;1.911,05
Total;Hombres;7;2009;1.871,88
Total;Hombres;7;2008;1.795,21
Total;Hombres;7;2007;1.702,1
Total;Hombres;7;2006;1.627,91
Total;Hombres;8;2022;2.599,95
Total;Hombres;8;2021;2.567,55
Total;Hombres;8;2020;2.534,94
Total;Hombres;8;2019;2.440,66
Total;Hombres;8;2018;2.420,13
Total;Hombres;8;2017;2.357,83
Total;Hombres;8;2016;2.350,65
Total;Hombres;8;2015;2.360,62
Total;Hombres;8;2014;2.380,84
Total;Hombres;8;2013;2.365,38
Total;Hombres;8;2012;2.306,9
Total;Hombres;8;2011;2.290,7
Total;Hombres;8;2010;2.289,26
Total;Hombres;8;2009;2.238,16
Total;Hombres;8;2008;2.143,1
Total;Hombres;8;2007;2.038
Total;Hombres;8;2006;1.961,75
Total;Hombres;9;2022;3.186,9
Total;Hombres;9;2021;3.173,66
Total;Hombres;9;2020;3.169,26
Total;Hombres;9;2019;3.038,5
Total;Hombres;9;2018;3.006,59
Total;Hombres;9;2017;2.956,6
Total;Hombres;9;2016;2.921,75
Total;Hombres;9;2015;2.963,63
Total;Hombres;9;2014;2.950,32
Total;Hombres;9;2013;2.912,52
Total;Hombres;9;2012;2.857,62
Total;Hombres;9;2011;2.847,44
Total;Hombres;9;2010;2.845,06
Total;Hombres;9;2009;2.813,49
Total;Hombres;9;2008;2.695,22
Total;Hombres;9;2007;2.567,98
Total;Hombres;9;2006;2.446,72
Total;Hombres;10;2022;5.060,7
Total;Hombres;10;2021;5.130,25
Total;Hombres;10;2020;5.037,85
Total;Hombres;10;2019;4.820,32
Total;Hombres;10;2018;4.889,26
Total;Hombres;10;2017;4.722,45
Total;Hombres;10;2016;4.632,62
Total;Hombres;10;2015;4.858,79
Total;Hombres;10;2014;4.730,21
Total;Hombres;10;2013;4.636,51
Total;Hombres;10;2012;4.548,93
Total;Hombres;10;2011;4.469,99
Total;Hombres;10;2010;4.441,42
Total;Hombres;10;2009;4.435,14
Total;Hombres;10;2008;4.455,01
Total;Hombres;10;2007;3.733,37
Total;Hombres;10;2006;3.643,21
Total;Mujeres;Total decil;2022;1.941,74
Total;Mujeres;Total decil;2021;1.883,43
Total;Mujeres;Total decil;2020;1.851,98
Total;Mujeres;Total decil;2019;1.773,31
Total;Mujeres;Total decil;2018;1.708,39
Total;Mujeres;Total decil;2017;1.668,68
Total;Mujeres;Total decil;2016;1.661
Total;Mujeres;Total decil;2015;1.643,79
Total;Mujeres;Total decil;2014;1.618,1
Total;Mujeres;Total decil;2013;1.621,61
Total;Mujeres;Total decil;2012;1.595,48
Total;Mujeres;Total decil;2011;1.601,05
Total;Mujeres;Total decil;2010;1.595,78
Total;Mujeres;Total decil;2009;1.570,78
Total;Mujeres;Total decil;2008;1.522,56
Total;Mujeres;Total decil;2007;1.420,69
Total;Mujeres;Total decil;2006;1.361,12
Total;Mujeres;1;2022;614,85
Total;Mujeres;1;2021;561,99
Total;Mujeres;1;2020;510,88
Total;Mujeres;1;2019;525,72
Total;Mujeres;1;2018;470,72
Total;Mujeres;1;2017;453,34
Total;Mujeres;1;2016;445,26
Total;Mujeres;1;2015;408,04
Total;Mujeres;1;2014;404,03
Total;Mujeres;1;2013;405,2
Total;Mujeres;1;2012;415,92
Total;Mujeres;1;2011;456,74
Total;Mujeres;1;2010;472,73
Total;Mujeres;1;2009;491,43
Total;Mujeres;1;2008;491,25
Total;Mujeres;1;2007;492,44
Total;Mujeres;1;2006;468,87
Total;Mujeres;2;2022;1.130,84
Total;Mujeres;2;2021;1.034,7
Total;Mujeres;2;2020;1.001,01
Total;Mujeres;2;2019;986,95
Total;Mujeres;2;2018;901,57
Total;Mujeres;2;2017;858,26
Total;Mujeres;2;2016;856,74
Total;Mujeres;2;2015;826,37
Total;Mujeres;2;2014;817,38
Total;Mujeres;2;2013;808,49
Total;Mujeres;2;2012;835,52
Total;Mujeres;2;2011;858,99
Total;Mujeres;2;2010;886,87
Total;Mujeres;2;2009;870,41
Total;Mujeres;2;2008;885,51
Total;Mujeres;2;2007;847,02
Total;Mujeres;2;2006;796,3
Total;Mujeres;3;2022;1.346,37
Total;Mujeres;3;2021;1.265,73
Total;Mujeres;3;2020;1.233,73
Total;Mujeres;3;2019;1.222,09
Total;Mujeres;3;2018;1.154,93
Total;Mujeres;3;2017;1.120,18
Total;Mujeres;3;2016;1.118,36
Total;Mujeres;3;2015;1.102,51
Total;Mujeres;3;2014;1.099,24
Total;Mujeres;3;2013;1.097,73
Total;Mujeres;3;2012;1.118,13
Total;Mujeres;3;2011;1.126,61
Total;Mujeres;3;2010;1.139,74
Total;Mujeres;3;2009;1.117,87
Total;Mujeres;3;2008;1.110,99
Total;Mujeres;3;2007;1.054,35
Total;Mujeres;3;2006;1.002,11
Total;Mujeres;4;2022;1.527,07
Total;Mujeres;4;2021;1.459,67
Total;Mujeres;4;2020;1.421,38
Total;Mujeres;4;2019;1.416,91
Total;Mujeres;4;2018;1.354,03
Total;Mujeres;4;2017;1.321,12
Total;Mujeres;4;2016;1.319,75
Total;Mujeres;4;2015;1.308,93
Total;Mujeres;4;2014;1.312,68
Total;Mujeres;4;2013;1.315,82
Total;Mujeres;4;2012;1.320,71
Total;Mujeres;4;2011;1.307,14
Total;Mujeres;4;2010;1.313,85
Total;Mujeres;4;2009;1.289,06
Total;Mujeres;4;2008;1.262,68
Total;Mujeres;4;2007;1.201,65
Total;Mujeres;4;2006;1.142,3
Total;Mujeres;5;2022;1.712,66
Total;Mujeres;5;2021;1.655,4
Total;Mujeres;5;2020;1.604,68
Total;Mujeres;5;2019;1.591,4
Total;Mujeres;5;2018;1.547,32
Total;Mujeres;5;2017;1.495,82
Total;Mujeres;5;2016;1.498,82
Total;Mujeres;5;2015;1.498,57
Total;Mujeres;5;2014;1.501,98
Total;Mujeres;5;2013;1.503,19
Total;Mujeres;5;2012;1.491,15
Total;Mujeres;5;2011;1.484,46
Total;Mujeres;5;2010;1.481,72
Total;Mujeres;5;2009;1.442,71
Total;Mujeres;5;2008;1.410,04
Total;Mujeres;5;2007;1.335,99
Total;Mujeres;5;2006;1.268,34
Total;Mujeres;6;2022;1.925,88
Total;Mujeres;6;2021;1.877,99
Total;Mujeres;6;2020;1.817,8
Total;Mujeres;6;2019;1.794,63
Total;Mujeres;6;2018;1.753,13
Total;Mujeres;6;2017;1.697,18
Total;Mujeres;6;2016;1.703,08
Total;Mujeres;6;2015;1.700,57
Total;Mujeres;6;2014;1.713,73
Total;Mujeres;6;2013;1.705,75
Total;Mujeres;6;2012;1.684,27
Total;Mujeres;6;2011;1.677,21
Total;Mujeres;6;2010;1.667,48
Total;Mujeres;6;2009;1.630,84
Total;Mujeres;6;2008;1.575,93
Total;Mujeres;6;2007;1.494,13
Total;Mujeres;6;2006;1.419,81
Total;Mujeres;7;2022;2.196,06
Total;Mujeres;7;2021;2.163,76
Total;Mujeres;7;2020;2.108,06
Total;Mujeres;7;2019;2.056,2
Total;Mujeres;7;2018;2.017,57
Total;Mujeres;7;2017;1.975,52
Total;Mujeres;7;2016;1.971,33
Total;Mujeres;7;2015;1.958,58
Total;Mujeres;7;2014;1.993,15
Total;Mujeres;7;2013;1.980,95
Total;Mujeres;7;2012;1.943,78
Total;Mujeres;7;2011;1.924,11
Total;Mujeres;7;2010;1.926,02
Total;Mujeres;7;2009;1.865,94
Total;Mujeres;7;2008;1.796,38
Total;Mujeres;7;2007;1.705,42
Total;Mujeres;7;2006;1.632,17
Total;Mujeres;8;2022;2.605,49
Total;Mujeres;8;2021;2.587,21
Total;Mujeres;8;2020;2.549,32
Total;Mujeres;8;2019;2.454,41
Total;Mujeres;8;2018;2.424,91
Total;Mujeres;8;2017;2.370,71
Total;Mujeres;8;2016;2.361,06
Total;Mujeres;8;2015;2.367,81
Total;Mujeres;8;2014;2.393,16
Total;Mujeres;8;2013;2.363,17
Total;Mujeres;8;2012;2.300,25
Total;Mujeres;8;2011;2.292,66
Total;Mujeres;8;2010;2.294,84
Total;Mujeres;8;2009;2.243,16
Total;Mujeres;8;2008;2.148,1
Total;Mujeres;8;2007;2.052,73
Total;Mujeres;8;2006;1.957,56
Total;Mujeres;9;2022;3.188,32
Total;Mujeres;9;2021;3.142,4
Total;Mujeres;9;2020;3.148,88
Total;Mujeres;9;2019;3.031,34
Total;Mujeres;9;2018;3.005,59
Total;Mujeres;9;2017;2.953,9
Total;Mujeres;9;2016;2.922,04
Total;Mujeres;9;2015;2.965,15
Total;Mujeres;9;2014;2.940,66
Total;Mujeres;9;2013;2.920,38
Total;Mujeres;9;2012;2.842,24
Total;Mujeres;9;2011;2.847,69
Total;Mujeres;9;2010;2.838,25
Total;Mujeres;9;2009;2.825,97
Total;Mujeres;9;2008;2.696,8
Total;Mujeres;9;2007;2.573,29
Total;Mujeres;9;2006;2.449,7
Total;Mujeres;10;2022;4.948,93
Total;Mujeres;10;2021;5.029,26
Total;Mujeres;10;2020;4.848,41
Total;Mujeres;10;2019;4.564,66
Total;Mujeres;10;2018;4.637,65
Total;Mujeres;10;2017;4.460,61
Total;Mujeres;10;2016;4.447,33
Total;Mujeres;10;2015;4.641,41
Total;Mujeres;10;2014;4.377,92
Total;Mujeres;10;2013;4.450,38
Total;Mujeres;10;2012;4.442,18
Total;Mujeres;10;2011;4.310,47
Total;Mujeres;10;2010;4.177,33
Total;Mujeres;10;2009;4.234,29
Total;Mujeres;10;2008;4.104,18
Total;Mujeres;10;2007;3.517,81
Total;Mujeres;10;2006;3.411,17
Jornada a tiempo completo;Total;Total decil;2022;2.341,35
Jornada a tiempo completo;Total;Total decil;2021;2.313,13
Jornada a tiempo completo;Total;Total decil;2020;2.258,3
Jornada a tiempo completo;Total;Total decil;2019;2.207,31
Jornada a tiempo completo;Total;Total decil;2018;2.177,14
Jornada a tiempo completo;Total;Total decil;2017;2.120,76
Jornada a tiempo completo;Total;Total decil;2016;2.106,71
Jornada a tiempo completo;Total;Total decil;2015;2.142,03
Jornada a tiempo completo;Total;Total decil;2014;2.132,2
Jornada a tiempo completo;Total;Total decil;2013;2.121,27
Jornada a tiempo completo;Total;Total decil;2012;2.076,25
Jornada a tiempo completo;Total;Total decil;2011;2.046,75
Jornada a tiempo completo;Total;Total decil;2010;2.022,19
Jornada a tiempo completo;Total;Total decil;2009;1.995,36
Jornada a tiempo completo;Total;Total decil;2008;1.929,61
Jornada a tiempo completo;Total;Total decil;2007;1.779,06
Jornada a tiempo completo;Total;Total decil;2006;1.703,93
Jornada a tiempo completo;Total;1;2022;874,6
Jornada a tiempo completo;Total;1;2021;784,59
Jornada a tiempo completo;Total;1;2020;737,64
Jornada a tiempo completo;Total;1;2019;745,66
Jornada a tiempo completo;Total;1;2018;670,68
Jornada a tiempo completo;Total;1;2017;642,01
Jornada a tiempo completo;Total;1;2016;633,39
Jornada a tiempo completo;Total;1;2015;615,79
Jornada a tiempo completo;Total;1;2014;575,37
Jornada a tiempo completo;Total;1;2013;563,41
Jornada a tiempo completo;Total;1;2012;587,54
Jornada a tiempo completo;Total;1;2011;610,87
Jornada a tiempo completo;Total;1;2010;629,49
Jornada a tiempo completo;Total;1;2009;628,64
Jornada a tiempo completo;Total;1;2008;655,07
Jornada a tiempo completo;Total;1;2007;624,4
Jornada a tiempo completo;Total;1;2006;575,08
Jornada a tiempo completo;Total;2;2022;1.159,4
Jornada a tiempo completo;Total;2;2021;1.064,97
Jornada a tiempo completo;Total;2;2020;1.027,6
Jornada a tiempo completo;Total;2;2019;1.020,14
Jornada a tiempo completo;Total;2;2018;925,84
Jornada a tiempo completo;Total;2;2017;882,86
Jornada a tiempo completo;Total;2;2016;878,9
Jornada a tiempo completo;Total;2;2015;850,46
Jornada a tiempo completo;Total;2;2014;844,46
Jornada a tiempo completo;Total;2;2013;843,9
Jornada a tiempo completo;Total;2;2012;873,29
Jornada a tiempo completo;Total;2;2011;882,51
Jornada a tiempo completo;Total;2;2010;912,76
Jornada a tiempo completo;Total;2;2009;891,45
Jornada a tiempo completo;Total;2;2008;899,73
Jornada a tiempo completo;Total;2;2007;864,61
Jornada a tiempo completo;Total;2;2006;810,56
Jornada a tiempo completo;Total;3;2022;1.346,55
Jornada a tiempo completo;Total;3;2021;1.267,75
Jornada a tiempo completo;Total;3;2020;1.238,09
Jornada a tiempo completo;Total;3;2019;1.222,98
Jornada a tiempo completo;Total;3;2018;1.158,89
Jornada a tiempo completo;Total;3;2017;1.123,98
Jornada a tiempo completo;Total;3;2016;1.120,79
Jornada a tiempo completo;Total;3;2015;1.103,99
Jornada a tiempo completo;Total;3;2014;1.104,75
Jornada a tiempo completo;Total;3;2013;1.108,68
Jornada a tiempo completo;Total;3;2012;1.122,63
Jornada a tiempo completo;Total;3;2011;1.129,31
Jornada a tiempo completo;Total;3;2010;1.142,86
Jornada a tiempo completo;Total;3;2009;1.120,3
Jornada a tiempo completo;Total;3;2008;1.113,18
Jornada a tiempo completo;Total;3;2007;1.063,01
Jornada a tiempo completo;Total;3;2006;1.007,14
Jornada a tiempo completo;Total;4;2022;1.530,13
Jornada a tiempo completo;Total;4;2021;1.462,55
Jornada a tiempo completo;Total;4;2020;1.423,46
Jornada a tiempo completo;Total;4;2019;1.418,56
Jornada a tiempo completo;Total;4;2018;1.358,39
Jornada a tiempo completo;Total;4;2017;1.323,06
Jornada a tiempo completo;Total;4;2016;1.325,47
Jornada a tiempo completo;Total;4;2015;1.312,19
Jornada a tiempo completo;Total;4;2014;1.315,8
Jornada a tiempo completo;Total;4;2013;1.319,1
Jornada a tiempo completo;Total;4;2012;1.323,28
Jornada a tiempo completo;Total;4;2011;1.311,58
Jornada a tiempo completo;Total;4;2010;1.317
Jornada a tiempo completo;Total;4;2009;1.290,47
Jornada a tiempo completo;Total;4;2008;1.267,87
Jornada a tiempo completo;Total;4;2007;1.203,8
Jornada a tiempo completo;Total;4;2006;1.144,5
Jornada a tiempo completo;Total;5;2022;1.717
Jornada a tiempo completo;Total;5;2021;1.657,51
Jornada a tiempo completo;Total;5;2020;1.606,82
Jornada a tiempo completo;Total;5;2019;1.595,45
Jornada a tiempo completo;Total;5;2018;1.546,13
Jornada a tiempo completo;Total;5;2017;1.498,09
Jornada a tiempo completo;Total;5;2016;1.497,64
Jornada a tiempo completo;Total;5;2015;1.497,28
Jornada a tiempo completo;Total;5;2014;1.503,49
Jornada a tiempo completo;Total;5;2013;1.502,8
Jornada a tiempo completo;Total;5;2012;1.493,26
Jornada a tiempo completo;Total;5;2011;1.484,31
Jornada a tiempo completo;Total;5;2010;1.478,37
Jornada a tiempo completo;Total;5;2009;1.444,04
Jornada a tiempo completo;Total;5;2008;1.411,77
Jornada a tiempo completo;Total;5;2007;1.337,12
Jornada a tiempo completo;Total;5;2006;1.270,23
Jornada a tiempo completo;Total;6;2022;1.924,15
Jornada a tiempo completo;Total;6;2021;1.874,27
Jornada a tiempo completo;Total;6;2020;1.816,65
Jornada a tiempo completo;Total;6;2019;1.793,5
Jornada a tiempo completo;Total;6;2018;1.752,62
Jornada a tiempo completo;Total;6;2017;1.698,47
Jornada a tiempo completo;Total;6;2016;1.703,64
Jornada a tiempo completo;Total;6;2015;1.704,22
Jornada a tiempo completo;Total;6;2014;1.715,65
Jornada a tiempo completo;Total;6;2013;1.704,07
Jornada a tiempo completo;Total;6;2012;1.685,57
Jornada a tiempo completo;Total;6;2011;1.678,71
Jornada a tiempo completo;Total;6;2010;1.667,63
Jornada a tiempo completo;Total;6;2009;1.627,48
Jornada a tiempo completo;Total;6;2008;1.577,81
Jornada a tiempo completo;Total;6;2007;1.491,69
Jornada a tiempo completo;Total;6;2006;1.418,28
Jornada a tiempo completo;Total;7;2022;2.196,18
Jornada a tiempo completo;Total;7;2021;2.164,25
Jornada a tiempo completo;Total;7;2020;2.107,14
Jornada a tiempo completo;Total;7;2019;2.058,53
Jornada a tiempo completo;Total;7;2018;2.017,11
Jornada a tiempo completo;Total;7;2017;1.969,94
Jornada a tiempo completo;Total;7;2016;1.969,72
Jornada a tiempo completo;Total;7;2015;1.961,12
Jornada a tiempo completo;Total;7;2014;1.997,67
Jornada a tiempo completo;Total;7;2013;1.980,26
Jornada a tiempo completo;Total;7;2012;1.943,54
Jornada a tiempo completo;Total;7;2011;1.926,71
Jornada a tiempo completo;Total;7;2010;1.916,56
Jornada a tiempo completo;Total;7;2009;1.870,56
Jornada a tiempo completo;Total;7;2008;1.795,08
Jornada a tiempo completo;Total;7;2007;1.703,26
Jornada a tiempo completo;Total;7;2006;1.629,29
Jornada a tiempo completo;Total;8;2022;2.603,14
Jornada a tiempo completo;Total;8;2021;2.576,59
Jornada a tiempo completo;Total;8;2020;2.541,41
Jornada a tiempo completo;Total;8;2019;2.446,2
Jornada a tiempo completo;Total;8;2018;2.421,73
Jornada a tiempo completo;Total;8;2017;2.363,26
Jornada a tiempo completo;Total;8;2016;2.355,17
Jornada a tiempo completo;Total;8;2015;2.364,19
Jornada a tiempo completo;Total;8;2014;2.386,97
Jornada a tiempo completo;Total;8;2013;2.364,32
Jornada a tiempo completo;Total;8;2012;2.304,44
Jornada a tiempo completo;Total;8;2011;2.292,34
Jornada a tiempo completo;Total;8;2010;2.291,51
Jornada a tiempo completo;Total;8;2009;2.240,5
Jornada a tiempo completo;Total;8;2008;2.144,46
Jornada a tiempo completo;Total;8;2007;2.042,77
Jornada a tiempo completo;Total;8;2006;1.960,26
Jornada a tiempo completo;Total;9;2022;3.188,75
Jornada a tiempo completo;Total;9;2021;3.161,69
Jornada a tiempo completo;Total;9;2020;3.161,01
Jornada a tiempo completo;Total;9;2019;3.036,8
Jornada a tiempo completo;Total;9;2018;3.007,98
Jornada a tiempo completo;Total;9;2017;2.956,05
Jornada a tiempo completo;Total;9;2016;2.922,84
Jornada a tiempo completo;Total;9;2015;2.964,56
Jornada a tiempo completo;Total;9;2014;2.947,02
Jornada a tiempo completo;Total;9;2013;2.916,74
Jornada a tiempo completo;Total;9;2012;2.852,32
Jornada a tiempo completo;Total;9;2011;2.849,06
Jornada a tiempo completo;Total;9;2010;2.841,79
Jornada a tiempo completo;Total;9;2009;2.818,54
Jornada a tiempo completo;Total;9;2008;2.695,09
Jornada a tiempo completo;Total;9;2007;2.570,62
Jornada a tiempo completo;Total;9;2006;2.448,15
Jornada a tiempo completo;Total;10;2022;5.020,53
Jornada a tiempo completo;Total;10;2021;5.092,67
Jornada a tiempo completo;Total;10;2020;4.964,01
Jornada a tiempo completo;Total;10;2019;4.725,47
Jornada a tiempo completo;Total;10;2018;4.799,61
Jornada a tiempo completo;Total;10;2017;4.631,17
Jornada a tiempo completo;Total;10;2016;4.568,68
Jornada a tiempo completo;Total;10;2015;4.786,61
Jornada a tiempo completo;Total;10;2014;4.616,94
Jornada a tiempo completo;Total;10;2013;4.574,92
Jornada a tiempo completo;Total;10;2012;4.515,01
Jornada a tiempo completo;Total;10;2011;4.418,37
Jornada a tiempo completo;Total;10;2010;4.356,53
Jornada a tiempo completo;Total;10;2009;4.370,12
Jornada a tiempo completo;Total;10;2008;4.346,26
Jornada a tiempo completo;Total;10;2007;3.670,83
Jornada a tiempo completo;Total;10;2006;3.573,7
Jornada a tiempo completo;Hombres;Total decil;2022;2.398,17
Jornada a tiempo completo;Hombres;Total decil;2021;2.387,32
Jornada a tiempo completo;Hombres;Total decil;2020;2.315,3
Jornada a tiempo completo;Hombres;Total decil;2019;2.284,48
Jornada a tiempo completo;Hombres;Total decil;2018;2.273,61
Jornada a tiempo completo;Hombres;Total decil;2017;2.215,37
Jornada a tiempo completo;Hombres;Total decil;2016;2.192,49
Jornada a tiempo completo;Hombres;Total decil;2015;2.248,91
Jornada a tiempo completo;Hombres;Total decil;2014;2.254,6
Jornada a tiempo completo;Hombres;Total decil;2013;2.232,16
Jornada a tiempo completo;Hombres;Total decil;2012;2.190,77
Jornada a tiempo completo;Hombres;Total decil;2011;2.151,29
Jornada a tiempo completo;Hombres;Total decil;2010;2.120,51
Jornada a tiempo completo;Hombres;Total decil;2009;2.093,33
Jornada a tiempo completo;Hombres;Total decil;2008;2.032,85
Jornada a tiempo completo;Hombres;Total decil;2007;1.859,99
Jornada a tiempo completo;Hombres;Total decil;2006;1.776,26
Jornada a tiempo completo;Hombres;1;2022;852,43
Jornada a tiempo completo;Hombres;1;2021;786,27
Jornada a tiempo completo;Hombres;1;2020;728,15
Jornada a tiempo completo;Hombres;1;2019;733,89
Jornada a tiempo completo;Hombres;1;2018;670,61
Jornada a tiempo completo;Hombres;1;2017;636,68
Jornada a tiempo completo;Hombres;1;2016;640,05
Jornada a tiempo completo;Hombres;1;2015;616,29
Jornada a tiempo completo;Hombres;1;2014;568,8
Jornada a tiempo completo;Hombres;1;2013;565,47
Jornada a tiempo completo;Hombres;1;2012;589,03
Jornada a tiempo completo;Hombres;1;2011;622,23
Jornada a tiempo completo;Hombres;1;2010;627,25
Jornada a tiempo completo;Hombres;1;2009;633,31
Jornada a tiempo completo;Hombres;1;2008;650,68
Jornada a tiempo completo;Hombres;1;2007;630,02
Jornada a tiempo completo;Hombres;1;2006;577,39
Jornada a tiempo completo;Hombres;2;2022;1.161,98
Jornada a tiempo completo;Hombres;2;2021;1.073,77
Jornada a tiempo completo;Hombres;2;2020;1.029,94
Jornada a tiempo completo;Hombres;2;2019;1.025,35
Jornada a tiempo completo;Hombres;2;2018;925,15
Jornada a tiempo completo;Hombres;2;2017;885,35
Jornada a tiempo completo;Hombres;2;2016;876,33
Jornada a tiempo completo;Hombres;2;2015;849,69
Jornada a tiempo completo;Hombres;2;2014;839,92
Jornada a tiempo completo;Hombres;2;2013;841,75
Jornada a tiempo completo;Hombres;2;2012;871,63
Jornada a tiempo completo;Hombres;2;2011;884,37
Jornada a tiempo completo;Hombres;2;2010;916,91
Jornada a tiempo completo;Hombres;2;2009;894,56
Jornada a tiempo completo;Hombres;2;2008;901,47
Jornada a tiempo completo;Hombres;2;2007;867,44
Jornada a tiempo completo;Hombres;2;2006;813,15
Jornada a tiempo completo;Hombres;3;2022;1.346,55
Jornada a tiempo completo;Hombres;3;2021;1.270,48
Jornada a tiempo completo;Hombres;3;2020;1.241,23
Jornada a tiempo completo;Hombres;3;2019;1.223,49
Jornada a tiempo completo;Hombres;3;2018;1.160,52
Jornada a tiempo completo;Hombres;3;2017;1.125,6
Jornada a tiempo completo;Hombres;3;2016;1.120,53
Jornada a tiempo completo;Hombres;3;2015;1.104,03
Jornada a tiempo completo;Hombres;3;2014;1.107,32
Jornada a tiempo completo;Hombres;3;2013;1.113,94
Jornada a tiempo completo;Hombres;3;2012;1.127,56
Jornada a tiempo completo;Hombres;3;2011;1.132,44
Jornada a tiempo completo;Hombres;3;2010;1.144,98
Jornada a tiempo completo;Hombres;3;2009;1.123,84
Jornada a tiempo completo;Hombres;3;2008;1.116,35
Jornada a tiempo completo;Hombres;3;2007;1.067,68
Jornada a tiempo completo;Hombres;3;2006;1.010,38
Jornada a tiempo completo;Hombres;4;2022;1.530,89
Jornada a tiempo completo;Hombres;4;2021;1.463,88
Jornada a tiempo completo;Hombres;4;2020;1.425,47
Jornada a tiempo completo;Hombres;4;2019;1.419,74
Jornada a tiempo completo;Hombres;4;2018;1.361,63
Jornada a tiempo completo;Hombres;4;2017;1.325
Jornada a tiempo completo;Hombres;4;2016;1.330,56
Jornada a tiempo completo;Hombres;4;2015;1.314,08
Jornada a tiempo completo;Hombres;4;2014;1.317,58
Jornada a tiempo completo;Hombres;4;2013;1.322,01
Jornada a tiempo completo;Hombres;4;2012;1.323,49
Jornada a tiempo completo;Hombres;4;2011;1.313,45
Jornada a tiempo completo;Hombres;4;2010;1.318,63
Jornada a tiempo completo;Hombres;4;2009;1.291,54
Jornada a tiempo completo;Hombres;4;2008;1.270,73
Jornada a tiempo completo;Hombres;4;2007;1.205,09
Jornada a tiempo completo;Hombres;4;2006;1.145,38
Jornada a tiempo completo;Hombres;5;2022;1.719,61
Jornada a tiempo completo;Hombres;5;2021;1.658,34
Jornada a tiempo completo;Hombres;5;2020;1.608,25
Jornada a tiempo completo;Hombres;5;2019;1.598,41
Jornada a tiempo completo;Hombres;5;2018;1.546,2
Jornada a tiempo completo;Hombres;5;2017;1.499,08
Jornada a tiempo completo;Hombres;5;2016;1.497,45
Jornada a tiempo completo;Hombres;5;2015;1.496,88
Jornada a tiempo completo;Hombres;5;2014;1.503,68
Jornada a tiempo completo;Hombres;5;2013;1.502,73
Jornada a tiempo completo;Hombres;5;2012;1.494,46
Jornada a tiempo completo;Hombres;5;2011;1.485,09
Jornada a tiempo completo;Hombres;5;2010;1.476,75
Jornada a tiempo completo;Hombres;5;2009;1.444,21
Jornada a tiempo completo;Hombres;5;2008;1.412,62
Jornada a tiempo completo;Hombres;5;2007;1.337,65
Jornada a tiempo completo;Hombres;5;2006;1.271,16
Jornada a tiempo completo;Hombres;6;2022;1.922,7
Jornada a tiempo completo;Hombres;6;2021;1.872,13
Jornada a tiempo completo;Hombres;6;2020;1.816,37
Jornada a tiempo completo;Hombres;6;2019;1.792,79
Jornada a tiempo completo;Hombres;6;2018;1.752,39
Jornada a tiempo completo;Hombres;6;2017;1.698,77
Jornada a tiempo completo;Hombres;6;2016;1.704,2
Jornada a tiempo completo;Hombres;6;2015;1.706,01
Jornada a tiempo completo;Hombres;6;2014;1.715,88
Jornada a tiempo completo;Hombres;6;2013;1.702,16
Jornada a tiempo completo;Hombres;6;2012;1.686,26
Jornada a tiempo completo;Hombres;6;2011;1.679,69
Jornada a tiempo completo;Hombres;6;2010;1.667,25
Jornada a tiempo completo;Hombres;6;2009;1.625,43
Jornada a tiempo completo;Hombres;6;2008;1.578,99
Jornada a tiempo completo;Hombres;6;2007;1.490,2
Jornada a tiempo completo;Hombres;6;2006;1.417,9
Jornada a tiempo completo;Hombres;7;2022;2.195,97
Jornada a tiempo completo;Hombres;7;2021;2.163,47
Jornada a tiempo completo;Hombres;7;2020;2.106,41
Jornada a tiempo completo;Hombres;7;2019;2.059,87
Jornada a tiempo completo;Hombres;7;2018;2.017,1
Jornada a tiempo completo;Hombres;7;2017;1.966,78
Jornada a tiempo completo;Hombres;7;2016;1.968,05
Jornada a tiempo completo;Hombres;7;2015;1.961,7
Jornada a tiempo completo;Hombres;7;2014;1.999,1
Jornada a tiempo completo;Hombres;7;2013;1.979,13
Jornada a tiempo completo;Hombres;7;2012;1.943,38
Jornada a tiempo completo;Hombres;7;2011;1.928,27
Jornada a tiempo completo;Hombres;7;2010;1.910,77
Jornada a tiempo completo;Hombres;7;2009;1.872,44
Jornada a tiempo completo;Hombres;7;2008;1.795,29
Jornada a tiempo completo;Hombres;7;2007;1.702,04
Jornada a tiempo completo;Hombres;7;2006;1.627,81
Jornada a tiempo completo;Hombres;8;2022;2.600,2
Jornada a tiempo completo;Hombres;8;2021;2.567,34
Jornada a tiempo completo;Hombres;8;2020;2.534,65
Jornada a tiempo completo;Hombres;8;2019;2.440,23
Jornada a tiempo completo;Hombres;8;2018;2.420,15
Jornada a tiempo completo;Hombres;8;2017;2.357,76
Jornada a tiempo completo;Hombres;8;2016;2.350,38
Jornada a tiempo completo;Hombres;8;2015;2.360,87
Jornada a tiempo completo;Hombres;8;2014;2.381,15
Jornada a tiempo completo;Hombres;8;2013;2.364,83
Jornada a tiempo completo;Hombres;8;2012;2.306,63
Jornada a tiempo completo;Hombres;8;2011;2.291,4
Jornada a tiempo completo;Hombres;8;2010;2.289,35
Jornada a tiempo completo;Hombres;8;2009;2.238,41
Jornada a tiempo completo;Hombres;8;2008;2.142,79
Jornada a tiempo completo;Hombres;8;2007;2.037,9
Jornada a tiempo completo;Hombres;8;2006;1.961,93
Jornada a tiempo completo;Hombres;9;2022;3.187,97
Jornada a tiempo completo;Hombres;9;2021;3.175,07
Jornada a tiempo completo;Hombres;9;2020;3.170,03
Jornada a tiempo completo;Hombres;9;2019;3.038,78
Jornada a tiempo completo;Hombres;9;2018;3.007,16
Jornada a tiempo completo;Hombres;9;2017;2.957,17
Jornada a tiempo completo;Hombres;9;2016;2.921,85
Jornada a tiempo completo;Hombres;9;2015;2.963,46
Jornada a tiempo completo;Hombres;9;2014;2.950,73
Jornada a tiempo completo;Hombres;9;2013;2.912,74
Jornada a tiempo completo;Hombres;9;2012;2.858,17
Jornada a tiempo completo;Hombres;9;2011;2.847,83
Jornada a tiempo completo;Hombres;9;2010;2.845,18
Jornada a tiempo completo;Hombres;9;2009;2.813,09
Jornada a tiempo completo;Hombres;9;2008;2.694,88
Jornada a tiempo completo;Hombres;9;2007;2.568,29
Jornada a tiempo completo;Hombres;9;2006;2.446,87
Jornada a tiempo completo;Hombres;10;2022;5.061,47
Jornada a tiempo completo;Hombres;10;2021;5.130,25
Jornada a tiempo completo;Hombres;10;2020;5.037,85
Jornada a tiempo completo;Hombres;10;2019;4.820,32
Jornada a tiempo completo;Hombres;10;2018;4.889,26
Jornada a tiempo completo;Hombres;10;2017;4.722,45
Jornada a tiempo completo;Hombres;10;2016;4.632,62
Jornada a tiempo completo;Hombres;10;2015;4.858,79
Jornada a tiempo completo;Hombres;10;2014;4.730,21
Jornada a tiempo completo;Hombres;10;2013;4.636,51
Jornada a tiempo completo;Hombres;10;2012;4.548,93
Jornada a tiempo completo;Hombres;10;2011;4.469,99
Jornada a tiempo completo;Hombres;10;2010;4.441,42
Jornada a tiempo completo;Hombres;10;2009;4.435,14
Jornada a tiempo completo;Hombres;10;2008;4.455,01
Jornada a tiempo completo;Hombres;10;2007;3.733,37
Jornada a tiempo completo;Hombres;10;2006;3.643,21
Jornada a tiempo completo;Mujeres;Total decil;2022;2.267,22
Jornada a tiempo completo;Mujeres;Total decil;2021;2.216,19
Jornada a tiempo completo;Mujeres;Total decil;2020;2.182,82
Jornada a tiempo completo;Mujeres;Total decil;2019;2.102,85
Jornada a tiempo completo;Mujeres;Total decil;2018;2.045,81
Jornada a tiempo completo;Mujeres;Total decil;2017;1.993,83
Jornada a tiempo completo;Mujeres;Total decil;2016;1.989,81
Jornada a tiempo completo;Mujeres;Total decil;2015;1.995,93
Jornada a tiempo completo;Mujeres;Total decil;2014;1.966,22
Jornada a tiempo completo;Mujeres;Total decil;2013;1.972,76
Jornada a tiempo completo;Mujeres;Total decil;2012;1.920,36
Jornada a tiempo completo;Mujeres;Total decil;2011;1.902,01
Jornada a tiempo completo;Mujeres;Total decil;2010;1.880,84
Jornada a tiempo completo;Mujeres;Total decil;2009;1.851,72
Jornada a tiempo completo;Mujeres;Total decil;2008;1.771,91
Jornada a tiempo completo;Mujeres;Total decil;2007;1.647,82
Jornada a tiempo completo;Mujeres;Total decil;2006;1.583,25
Jornada a tiempo completo;Mujeres;1;2022;886,48
Jornada a tiempo completo;Mujeres;1;2021;783,35
Jornada a tiempo completo;Mujeres;1;2020;747,6
Jornada a tiempo completo;Mujeres;1;2019;755,49
Jornada a tiempo completo;Mujeres;1;2018;670,73
Jornada a tiempo completo;Mujeres;1;2017;647,12
Jornada a tiempo completo;Mujeres;1;2016;627,95
Jornada a tiempo completo;Mujeres;1;2015;615,29
Jornada a tiempo completo;Mujeres;1;2014;583,05
Jornada a tiempo completo;Mujeres;1;2013;562,49
Jornada a tiempo completo;Mujeres;1;2012;586,68
Jornada a tiempo completo;Mujeres;1;2011;604,69
Jornada a tiempo completo;Mujeres;1;2010;631,2
Jornada a tiempo completo;Mujeres;1;2009;625,41
Jornada a tiempo completo;Mujeres;1;2008;658,11
Jornada a tiempo completo;Mujeres;1;2007;621,14
Jornada a tiempo completo;Mujeres;1;2006;573,64
Jornada a tiempo completo;Mujeres;2;2022;1.157,31
Jornada a tiempo completo;Mujeres;2;2021;1.059,01
Jornada a tiempo completo;Mujeres;2;2020;1.025,51
Jornada a tiempo completo;Mujeres;2;2019;1.015,9
Jornada a tiempo completo;Mujeres;2;2018;926,37
Jornada a tiempo completo;Mujeres;2;2017;880,81
Jornada a tiempo completo;Mujeres;2;2016;880,95
Jornada a tiempo completo;Mujeres;2;2015;851,05
Jornada a tiempo completo;Mujeres;2;2014;848,1
Jornada a tiempo completo;Mujeres;2;2013;845,63
Jornada a tiempo completo;Mujeres;2;2012;874,52
Jornada a tiempo completo;Mujeres;2;2011;881,26
Jornada a tiempo completo;Mujeres;2;2010;909,93
Jornada a tiempo completo;Mujeres;2;2009;889,45
Jornada a tiempo completo;Mujeres;2;2008;898,66
Jornada a tiempo completo;Mujeres;2;2007;862,74
Jornada a tiempo completo;Mujeres;2;2006;808,65
Jornada a tiempo completo;Mujeres;3;2022;1.346,56
Jornada a tiempo completo;Mujeres;3;2021;1.265,36
Jornada a tiempo completo;Mujeres;3;2020;1.235,06
Jornada a tiempo completo;Mujeres;3;2019;1.222,57
Jornada a tiempo completo;Mujeres;3;2018;1.157,56
Jornada a tiempo completo;Mujeres;3;2017;1.122,69
Jornada a tiempo completo;Mujeres;3;2016;1.121,02
Jornada a tiempo completo;Mujeres;3;2015;1.103,95
Jornada a tiempo completo;Mujeres;3;2014;1.102,82
Jornada a tiempo completo;Mujeres;3;2013;1.104,71
Jornada a tiempo completo;Mujeres;3;2012;1.118,65
Jornada a tiempo completo;Mujeres;3;2011;1.126,83
Jornada a tiempo completo;Mujeres;3;2010;1.140,9
Jornada a tiempo completo;Mujeres;3;2009;1.117,22
Jornada a tiempo completo;Mujeres;3;2008;1.110,13
Jornada a tiempo completo;Mujeres;3;2007;1.057,83
Jornada a tiempo completo;Mujeres;3;2006;1.003,14
Jornada a tiempo completo;Mujeres;4;2022;1.529,19
Jornada a tiempo completo;Mujeres;4;2021;1.460,92
Jornada a tiempo completo;Mujeres;4;2020;1.421,17
Jornada a tiempo completo;Mujeres;4;2019;1.417,14
Jornada a tiempo completo;Mujeres;4;2018;1.354,43
Jornada a tiempo completo;Mujeres;4;2017;1.320,89
Jornada a tiempo completo;Mujeres;4;2016;1.319,59
Jornada a tiempo completo;Mujeres;4;2015;1.310,06
Jornada a tiempo completo;Mujeres;4;2014;1.313,89
Jornada a tiempo completo;Mujeres;4;2013;1.315,93
Jornada a tiempo completo;Mujeres;4;2012;1.323,05
Jornada a tiempo completo;Mujeres;4;2011;1.309,15
Jornada a tiempo completo;Mujeres;4;2010;1.314,88
Jornada a tiempo completo;Mujeres;4;2009;1.289,03
Jornada a tiempo completo;Mujeres;4;2008;1.263,45
Jornada a tiempo completo;Mujeres;4;2007;1.201,46
Jornada a tiempo completo;Mujeres;4;2006;1.142,88
Jornada a tiempo completo;Mujeres;5;2022;1.712,03
Jornada a tiempo completo;Mujeres;5;2021;1.656,04
Jornada a tiempo completo;Mujeres;5;2020;1.604,52
Jornada a tiempo completo;Mujeres;5;2019;1.590,62
Jornada a tiempo completo;Mujeres;5;2018;1.546,02
Jornada a tiempo completo;Mujeres;5;2017;1.496,51
Jornada a tiempo completo;Mujeres;5;2016;1.497,98
Jornada a tiempo completo;Mujeres;5;2015;1.497,87
Jornada a tiempo completo;Mujeres;5;2014;1.503,19
Jornada a tiempo completo;Mujeres;5;2013;1.502,92
Jornada a tiempo completo;Mujeres;5;2012;1.491,54
Jornada a tiempo completo;Mujeres;5;2011;1.482,97
Jornada a tiempo completo;Mujeres;5;2010;1.481,41
Jornada a tiempo completo;Mujeres;5;2009;1.443,72
Jornada a tiempo completo;Mujeres;5;2008;1.410,09
Jornada a tiempo completo;Mujeres;5;2007;1.335,99
Jornada a tiempo completo;Mujeres;5;2006;1.268,32
Jornada a tiempo completo;Mujeres;6;2022;1.926,75
Jornada a tiempo completo;Mujeres;6;2021;1.878,24
Jornada a tiempo completo;Mujeres;6;2020;1.817,14
Jornada a tiempo completo;Mujeres;6;2019;1.794,73
Jornada a tiempo completo;Mujeres;6;2018;1.753,01
Jornada a tiempo completo;Mujeres;6;2017;1.697,97
Jornada a tiempo completo;Mujeres;6;2016;1.702,74
Jornada a tiempo completo;Mujeres;6;2015;1.701,31
Jornada a tiempo completo;Mujeres;6;2014;1.715,28
Jornada a tiempo completo;Mujeres;6;2013;1.707,13
Jornada a tiempo completo;Mujeres;6;2012;1.684,43
Jornada a tiempo completo;Mujeres;6;2011;1.676,93
Jornada a tiempo completo;Mujeres;6;2010;1.668,26
Jornada a tiempo completo;Mujeres;6;2009;1.631,49
Jornada a tiempo completo;Mujeres;6;2008;1.575,5
Jornada a tiempo completo;Mujeres;6;2007;1.494,51
Jornada a tiempo completo;Mujeres;6;2006;1.419,05
Jornada a tiempo completo;Mujeres;7;2022;2.196,52
Jornada a tiempo completo;Mujeres;7;2021;2.165,41
Jornada a tiempo completo;Mujeres;7;2020;2.108,3
Jornada a tiempo completo;Mujeres;7;2019;2.056,12
Jornada a tiempo completo;Mujeres;7;2018;2.017,13
Jornada a tiempo completo;Mujeres;7;2017;1.974,95
Jornada a tiempo completo;Mujeres;7;2016;1.972,28
Jornada a tiempo completo;Mujeres;7;2015;1.960,17
Jornada a tiempo completo;Mujeres;7;2014;1.995,4
Jornada a tiempo completo;Mujeres;7;2013;1.982,11
Jornada a tiempo completo;Mujeres;7;2012;1.943,79
Jornada a tiempo completo;Mujeres;7;2011;1.924,18
Jornada a tiempo completo;Mujeres;7;2010;1.926,6
Jornada a tiempo completo;Mujeres;7;2009;1.867,04
Jornada a tiempo completo;Mujeres;7;2008;1.794,67
Jornada a tiempo completo;Mujeres;7;2007;1.705,69
Jornada a tiempo completo;Mujeres;7;2006;1.632,2
Jornada a tiempo completo;Mujeres;8;2022;2.606,73
Jornada a tiempo completo;Mujeres;8;2021;2.588,15
Jornada a tiempo completo;Mujeres;8;2020;2.549,83
Jornada a tiempo completo;Mujeres;8;2019;2.454,2
Jornada a tiempo completo;Mujeres;8;2018;2.424,13
Jornada a tiempo completo;Mujeres;8;2017;2.371,16
Jornada a tiempo completo;Mujeres;8;2016;2.361,93
Jornada a tiempo completo;Mujeres;8;2015;2.369,08
Jornada a tiempo completo;Mujeres;8;2014;2.394,27
Jornada a tiempo completo;Mujeres;8;2013;2.363,59
Jornada a tiempo completo;Mujeres;8;2012;2.301,12
Jornada a tiempo completo;Mujeres;8;2011;2.293,72
Jornada a tiempo completo;Mujeres;8;2010;2.295,1
Jornada a tiempo completo;Mujeres;8;2009;2.244,17
Jornada a tiempo completo;Mujeres;8;2008;2.147,45
Jornada a tiempo completo;Mujeres;8;2007;2.052,41
Jornada a tiempo completo;Mujeres;8;2006;1.957,03
Jornada a tiempo completo;Mujeres;9;2022;3.189,58
Jornada a tiempo completo;Mujeres;9;2021;3.145,13
Jornada a tiempo completo;Mujeres;9;2020;3.149,32
Jornada a tiempo completo;Mujeres;9;2019;3.034,08
Jornada a tiempo completo;Mujeres;9;2018;3.009,13
Jornada a tiempo completo;Mujeres;9;2017;2.954,52
Jornada a tiempo completo;Mujeres;9;2016;2.924,22
Jornada a tiempo completo;Mujeres;9;2015;2.966,27
Jornada a tiempo completo;Mujeres;9;2014;2.940,94
Jornada a tiempo completo;Mujeres;9;2013;2.922,47
Jornada a tiempo completo;Mujeres;9;2012;2.843,31
Jornada a tiempo completo;Mujeres;9;2011;2.850,87
Jornada a tiempo completo;Mujeres;9;2010;2.836,83
Jornada a tiempo completo;Mujeres;9;2009;2.826,84
Jornada a tiempo completo;Mujeres;9;2008;2.695,42
Jornada a tiempo completo;Mujeres;9;2007;2.574,35
Jornada a tiempo completo;Mujeres;9;2006;2.450,41
Jornada a tiempo completo;Mujeres;10;2022;4.951,37
Jornada a tiempo completo;Mujeres;10;2021;5.029,26
Jornada a tiempo completo;Mujeres;10;2020;4.848,41
Jornada a tiempo completo;Mujeres;10;2019;4.564,66
Jornada a tiempo completo;Mujeres;10;2018;4.637,65
Jornada a tiempo completo;Mujeres;10;2017;4.460,61
Jornada a tiempo completo;Mujeres;10;2016;4.447,33
Jornada a tiempo completo;Mujeres;10;2015;4.646,94
Jornada a tiempo completo;Mujeres;10;2014;4.377,92
Jornada a tiempo completo;Mujeres;10;2013;4.450,38
Jornada a tiempo completo;Mujeres;10;2012;4.442,18
Jornada a tiempo completo;Mujeres;10;2011;4.310,47
Jornada a tiempo completo;Mujeres;10;2010;4.177,33
Jornada a tiempo completo;Mujeres;10;2009;4.234,29
Jornada a tiempo completo;Mujeres;10;2008;4.104,18
Jornada a tiempo completo;Mujeres;10;2007;3.517,81
Jornada a tiempo completo;Mujeres;10;2006;3.411,17
Jornada a tiempo parcial;Total;Total decil;2022;892,49
Jornada a tiempo parcial;Total;Total decil;2021;830,37
Jornada a tiempo parcial;Total;Total decil;2020;800,31
Jornada a tiempo parcial;Total;Total decil;2019;806,19
Jornada a tiempo parcial;Total;Total decil;2018;746,11
Jornada a tiempo parcial;Total;Total decil;2017;731,44
Jornada a tiempo parcial;Total;Total decil;2016;734,21
Jornada a tiempo parcial;Total;Total decil;2015;697,24
Jornada a tiempo parcial;Total;Total decil;2014;698,22
Jornada a tiempo parcial;Total;Total decil;2013;696,97
Jornada a tiempo parcial;Total;Total decil;2012;664,93
Jornada a tiempo parcial;Total;Total decil;2011;697,16
Jornada a tiempo parcial;Total;Total decil;2010;698,62
Jornada a tiempo parcial;Total;Total decil;2009;706,91
Jornada a tiempo parcial;Total;Total decil;2008;688,97
Jornada a tiempo parcial;Total;Total decil;2007;660,15
Jornada a tiempo parcial;Total;Total decil;2006;632,93
Jornada a tiempo parcial;Total;1;2022;603,02
Jornada a tiempo parcial;Total;1;2021;550,64
Jornada a tiempo parcial;Total;1;2020;503,83
Jornada a tiempo parcial;Total;1;2019;518,4
Jornada a tiempo parcial;Total;1;2018;461,94
Jornada a tiempo parcial;Total;1;2017;450,34
Jornada a tiempo parcial;Total;1;2016;444,39
Jornada a tiempo parcial;Total;1;2015;406,72
Jornada a tiempo parcial;Total;1;2014;400,38
Jornada a tiempo parcial;Total;1;2013;401,67
Jornada a tiempo parcial;Total;1;2012;411,29
Jornada a tiempo parcial;Total;1;2011;447,19
Jornada a tiempo parcial;Total;1;2010;460,1
Jornada a tiempo parcial;Total;1;2009;479,18
Jornada a tiempo parcial;Total;1;2008;469,06
Jornada a tiempo parcial;Total;1;2007;473,15
Jornada a tiempo parcial;Total;1;2006;451,65
Jornada a tiempo parcial;Total;2;2022;1.082,81
Jornada a tiempo parcial;Total;2;2021;997,83
Jornada a tiempo parcial;Total;2;2020;954,65
Jornada a tiempo parcial;Total;2;2019;948,72
Jornada a tiempo parcial;Total;2;2018;873,26
Jornada a tiempo parcial;Total;2;2017;837
Jornada a tiempo parcial;Total;2;2016;826,92
Jornada a tiempo parcial;Total;2;2015;802,1
Jornada a tiempo parcial;Total;2;2014;789,89
Jornada a tiempo parcial;Total;2;2013;780,29
Jornada a tiempo parcial;Total;2;2012;795,29
Jornada a tiempo parcial;Total;2;2011;833,11
Jornada a tiempo parcial;Total;2;2010;847,07
Jornada a tiempo parcial;Total;2;2009;837,05
Jornada a tiempo parcial;Total;2;2008;853,45
Jornada a tiempo parcial;Total;2;2007;813,61
Jornada a tiempo parcial;Total;2;2006;768,67
Jornada a tiempo parcial;Total;3;2022;1.343,45
Jornada a tiempo parcial;Total;3;2021;1.266,38
Jornada a tiempo parcial;Total;3;2020;1.227,04
Jornada a tiempo parcial;Total;3;2019;1.218,29
Jornada a tiempo parcial;Total;3;2018;1.140,84
Jornada a tiempo parcial;Total;3;2017;1.109,94
Jornada a tiempo parcial;Total;3;2016;1.101,99
Jornada a tiempo parcial;Total;3;2015;1.091,56
Jornada a tiempo parcial;Total;3;2014;1.080,03
Jornada a tiempo parcial;Total;3;2013;1.076,15
Jornada a tiempo parcial;Total;3;2012;1.115,09
Jornada a tiempo parcial;Total;3;2011;1.125,12
Jornada a tiempo parcial;Total;3;2010;1.133,62
Jornada a tiempo parcial;Total;3;2009;1.117,71
Jornada a tiempo parcial;Total;3;2008;1.115,32
Jornada a tiempo parcial;Total;3;2007;1.026,73
Jornada a tiempo parcial;Total;3;2006;992,57
Jornada a tiempo parcial;Total;4;2022;1.517,22
Jornada a tiempo parcial;Total;4;2021;1.450,04
Jornada a tiempo parcial;Total;4;2020;1.422,72
Jornada a tiempo parcial;Total;4;2019;1.413,63
Jornada a tiempo parcial;Total;4;2018;1.348,9
Jornada a tiempo parcial;Total;4;2017;1.322,29
Jornada a tiempo parcial;Total;4;2016;1.324,45
Jornada a tiempo parcial;Total;4;2015;1.298,61
Jornada a tiempo parcial;Total;4;2014;1.312,59
Jornada a tiempo parcial;Total;4;2013;1.314,11
Jornada a tiempo parcial;Total;4;2012;1.298,71
Jornada a tiempo parcial;Total;4;2011;1.285,83
Jornada a tiempo parcial;Total;4;2010;1.302,1
Jornada a tiempo parcial;Total;4;2009;1.281,64
Jornada a tiempo parcial;Total;4;2008;1.246,03
Jornada a tiempo parcial;Total;4;2007;1.203,64
Jornada a tiempo parcial;Total;4;2006;1.136,18
Jornada a tiempo parcial;Total;5;2022;1.722,99
Jornada a tiempo parcial;Total;5;2021;1.651,27
Jornada a tiempo parcial;Total;5;2020;1.608,71
Jornada a tiempo parcial;Total;5;2019;1.591,99
Jornada a tiempo parcial;Total;5;2018;1.563,17
Jornada a tiempo parcial;Total;5;2017;1.489,14
Jornada a tiempo parcial;Total;5;2016;1.510,45
Jornada a tiempo parcial;Total;5;2015;1.508,55
Jornada a tiempo parcial;Total;5;2014;1.485,84
Jornada a tiempo parcial;Total;5;2013;1.508,34
Jornada a tiempo parcial;Total;5;2012;1.476,77
Jornada a tiempo parcial;Total;5;2011;1.504,95
Jornada a tiempo parcial;Total;5;2010;1.485,71
Jornada a tiempo parcial;Total;5;2009;1.421,85
Jornada a tiempo parcial;Total;5;2008;1.406,25
Jornada a tiempo parcial;Total;5;2007;1.338,02
Jornada a tiempo parcial;Total;5;2006;1.277,59
Jornada a tiempo parcial;Total;6;2022;1.904,9
Jornada a tiempo parcial;Total;6;2021;1.859,65
Jornada a tiempo parcial;Total;6;2020;1.826,99
Jornada a tiempo parcial;Total;6;2019;1.796,14
Jornada a tiempo parcial;Total;6;2018;1.751,88
Jornada a tiempo parcial;Total;6;2017;1.675,89
Jornada a tiempo parcial;Total;6;2016;1.712,47
Jornada a tiempo parcial;Total;6;2015;1.684,22
Jornada a tiempo parcial;Total;6;2014;1.698,85
Jornada a tiempo parcial;Total;6;2013;1.688,14
Jornada a tiempo parcial;Total;6;2012;1.676,52
Jornada a tiempo parcial;Total;6;2011;1.686,73
Jornada a tiempo parcial;Total;6;2010;1.656,67
Jornada a tiempo parcial;Total;6;2009;1.619,12
Jornada a tiempo parcial;Total;6;2008;1.572,29
Jornada a tiempo parcial;Total;6;2007;1.487,37
Jornada a tiempo parcial;Total;6;2006;1.439,38
Jornada a tiempo parcial;Total;7;2022;2.170,8
Jornada a tiempo parcial;Total;7;2021;2.112,56
Jornada a tiempo parcial;Total;7;2020;2.117,96
Jornada a tiempo parcial;Total;7;2019;2.055,96
Jornada a tiempo parcial;Total;7;2018;2.035,97
Jornada a tiempo parcial;Total;7;2017;1.990,36
Jornada a tiempo parcial;Total;7;2016;1.950,13
Jornada a tiempo parcial;Total;7;2015;1.928,74
Jornada a tiempo parcial;Total;7;2014;1.943,07
Jornada a tiempo parcial;Total;7;2013;1.935,28
Jornada a tiempo parcial;Total;7;2012;1.938,85
Jornada a tiempo parcial;Total;7;2011;1.917,63
Jornada a tiempo parcial;Total;7;2010;1.921,05
Jornada a tiempo parcial;Total;7;2009;1.838,24
Jornada a tiempo parcial;Total;7;2008;1.824,77
Jornada a tiempo parcial;Total;7;2007;1.698,07
Jornada a tiempo parcial;Total;7;2006;1.639,43
Jornada a tiempo parcial;Total;8;2022;2.541,01
Jornada a tiempo parcial;Total;8;2021;2.545,53
Jornada a tiempo parcial;Total;8;2020;2.541,43
Jornada a tiempo parcial;Total;8;2019;2.474,22
Jornada a tiempo parcial;Total;8;2018;2.447,01
Jornada a tiempo parcial;Total;8;2017;2.352,92
Jornada a tiempo parcial;Total;8;2016;2.340,11
Jornada a tiempo parcial;Total;8;2015;2.313,37
Jornada a tiempo parcial;Total;8;2014;2.315,92
Jornada a tiempo parcial;Total;8;2013;2.376,98
Jornada a tiempo parcial;Total;8;2012;2.286,38
Jornada a tiempo parcial;Total;8;2011;2.239,02
Jornada a tiempo parcial;Total;8;2010;2.272,48
Jornada a tiempo parcial;Total;8;2009;2.210,12
Jornada a tiempo parcial;Total;8;2008;2.178,65
Jornada a tiempo parcial;Total;8;2007;2.064,15
Jornada a tiempo parcial;Total;8;2006;1.962,61
Jornada a tiempo parcial;Total;9;2022;3.094,16
Jornada a tiempo parcial;Total;9;2021;2.895,84
Jornada a tiempo parcial;Total;9;2020;3.096,82
Jornada a tiempo parcial;Total;9;2019;2.826,16
Jornada a tiempo parcial;Total;9;2018;2.767,53
Jornada a tiempo parcial;Total;9;2017;2.904,29
Jornada a tiempo parcial;Total;9;2016;2.795,4
Jornada a tiempo parcial;Total;9;2015;2.871,55
Jornada a tiempo parcial;Total;9;2014;2.912,51
Jornada a tiempo parcial;Total;9;2013;2.744,26
Jornada a tiempo parcial;Total;9;2012;2.645,44
Jornada a tiempo parcial;Total;9;2011;2.558,4
Jornada a tiempo parcial;Total;9;2010;2.881,1
Jornada a tiempo parcial;Total;9;2009;2.810,1
Jornada a tiempo parcial;Total;9;2008;2.751,5
Jornada a tiempo parcial;Total;9;2007;2.528,23
Jornada a tiempo parcial;Total;9;2006;2.425,71
Jornada a tiempo parcial;Total;10;2022;4.104,9
Jornada a tiempo parcial;Total;10;2021;..
Jornada a tiempo parcial;Total;10;2020;..
Jornada a tiempo parcial;Total;10;2019;..
Jornada a tiempo parcial;Total;10;2018;..
Jornada a tiempo parcial;Total;10;2017;..
Jornada a tiempo parcial;Total;10;2016;..
Jornada a tiempo parcial;Total;10;2015;3.487,48
Jornada a tiempo parcial;Total;10;2014;..
Jornada a tiempo parcial;Total;10;2013;..
Jornada a tiempo parcial;Total;10;2012;..
Jornada a tiempo parcial;Total;10;2011;..
Jornada a tiempo parcial;Total;10;2010;..
Jornada a tiempo parcial;Total;10;2009;..
Jornada a tiempo parcial;Total;10;2008;..
Jornada a tiempo parcial;Total;10;2007;..
Jornada a tiempo parcial;Total;10;2006;..
Jornada a tiempo parcial;Hombres;Total decil;2022;920,67
Jornada a tiempo parcial;Hombres;Total decil;2021;840,51
Jornada a tiempo parcial;Hombres;Total decil;2020;832,06
Jornada a tiempo parcial;Hombres;Total decil;2019;813,94
Jornada a tiempo parcial;Hombres;Total decil;2018;747,68
Jornada a tiempo parcial;Hombres;Total decil;2017;758,25
Jornada a tiempo parcial;Hombres;Total decil;2016;765,65
Jornada a tiempo parcial;Hombres;Total decil;2015;742,16
Jornada a tiempo parcial;Hombres;Total decil;2014;721,36
Jornada a tiempo parcial;Hombres;Total decil;2013;707,18
Jornada a tiempo parcial;Hombres;Total decil;2012;706,41
Jornada a tiempo parcial;Hombres;Total decil;2011;718,58
Jornada a tiempo parcial;Hombres;Total decil;2010;731,31
Jornada a tiempo parcial;Hombres;Total decil;2009;755,16
Jornada a tiempo parcial;Hombres;Total decil;2008;750,64
Jornada a tiempo parcial;Hombres;Total decil;2007;702,25
Jornada a tiempo parcial;Hombres;Total decil;2006;650,97
Jornada a tiempo parcial;Hombres;1;2022;625,8
Jornada a tiempo parcial;Hombres;1;2021;563,82
Jornada a tiempo parcial;Hombres;1;2020;520,62
Jornada a tiempo parcial;Hombres;1;2019;529,21
Jornada a tiempo parcial;Hombres;1;2018;482,25
Jornada a tiempo parcial;Hombres;1;2017;471,8
Jornada a tiempo parcial;Hombres;1;2016;486,44
Jornada a tiempo parcial;Hombres;1;2015;431,98
Jornada a tiempo parcial;Hombres;1;2014;411,65
Jornada a tiempo parcial;Hombres;1;2013;428,9
Jornada a tiempo parcial;Hombres;1;2012;438,06
Jornada a tiempo parcial;Hombres;1;2011;464,98
Jornada a tiempo parcial;Hombres;1;2010;477,88
Jornada a tiempo parcial;Hombres;1;2009;479,13
Jornada a tiempo parcial;Hombres;1;2008;482,15
Jornada a tiempo parcial;Hombres;1;2007;490,71
Jornada a tiempo parcial;Hombres;1;2006;453,11
Jornada a tiempo parcial;Hombres;2;2022;1.092,55
Jornada a tiempo parcial;Hombres;2;2021;1.003,82
Jornada a tiempo parcial;Hombres;2;2020;947,89
Jornada a tiempo parcial;Hombres;2;2019;949,53
Jornada a tiempo parcial;Hombres;2;2018;870,34
Jornada a tiempo parcial;Hombres;2;2017;844,69
Jornada a tiempo parcial;Hombres;2;2016;818,13
Jornada a tiempo parcial;Hombres;2;2015;800,29
Jornada a tiempo parcial;Hombres;2;2014;790,98
Jornada a tiempo parcial;Hombres;2;2013;780,5
Jornada a tiempo parcial;Hombres;2;2012;795,1
Jornada a tiempo parcial;Hombres;2;2011;842,6
Jornada a tiempo parcial;Hombres;2;2010;847,44
Jornada a tiempo parcial;Hombres;2;2009;849,67
Jornada a tiempo parcial;Hombres;2;2008;855,66
Jornada a tiempo parcial;Hombres;2;2007;828,48
Jornada a tiempo parcial;Hombres;2;2006;773,41
Jornada a tiempo parcial;Hombres;3;2022;1.337,03
Jornada a tiempo parcial;Hombres;3;2021;1.260,79
Jornada a tiempo parcial;Hombres;3;2020;1.231,31
Jornada a tiempo parcial;Hombres;3;2019;1.211,79
Jornada a tiempo parcial;Hombres;3;2018;1.137,93
Jornada a tiempo parcial;Hombres;3;2017;1.111,74
Jornada a tiempo parcial;Hombres;3;2016;1.088,73
Jornada a tiempo parcial;Hombres;3;2015;1.077,3
Jornada a tiempo parcial;Hombres;3;2014;1.066,88
Jornada a tiempo parcial;Hombres;3;2013;1.090,77
Jornada a tiempo parcial;Hombres;3;2012;1.113,24
Jornada a tiempo parcial;Hombres;3;2011;1.124,67
Jornada a tiempo parcial;Hombres;3;2010;1.137,52
Jornada a tiempo parcial;Hombres;3;2009;1.106,19
Jornada a tiempo parcial;Hombres;3;2008;1.110,43
Jornada a tiempo parcial;Hombres;3;2007;1.036,17
Jornada a tiempo parcial;Hombres;3;2006;982,01
Jornada a tiempo parcial;Hombres;4;2022;1.525,12
Jornada a tiempo parcial;Hombres;4;2021;1.450,61
Jornada a tiempo parcial;Hombres;4;2020;1.422,78
Jornada a tiempo parcial;Hombres;4;2019;1.408,84
Jornada a tiempo parcial;Hombres;4;2018;1.338,66
Jornada a tiempo parcial;Hombres;4;2017;1.320,95
Jornada a tiempo parcial;Hombres;4;2016;1.337,24
Jornada a tiempo parcial;Hombres;4;2015;1.295,97
Jornada a tiempo parcial;Hombres;4;2014;1.329,21
Jornada a tiempo parcial;Hombres;4;2013;1.311,19
Jornada a tiempo parcial;Hombres;4;2012;1.319,85
Jornada a tiempo parcial;Hombres;4;2011;1.279,75
Jornada a tiempo parcial;Hombres;4;2010;1.300,01
Jornada a tiempo parcial;Hombres;4;2009;1.255,7
Jornada a tiempo parcial;Hombres;4;2008;1.241,02
Jornada a tiempo parcial;Hombres;4;2007;1.193,61
Jornada a tiempo parcial;Hombres;4;2006;1.142,75
Jornada a tiempo parcial;Hombres;5;2022;1.726,12
Jornada a tiempo parcial;Hombres;5;2021;1.665,35
Jornada a tiempo parcial;Hombres;5;2020;1.614,58
Jornada a tiempo parcial;Hombres;5;2019;1.573,3
Jornada a tiempo parcial;Hombres;5;2018;1.556,97
Jornada a tiempo parcial;Hombres;5;2017;1.495,03
Jornada a tiempo parcial;Hombres;5;2016;1.513,67
Jornada a tiempo parcial;Hombres;5;2015;1.509,48
Jornada a tiempo parcial;Hombres;5;2014;1.498,69
Jornada a tiempo parcial;Hombres;5;2013;1.518,14
Jornada a tiempo parcial;Hombres;5;2012;1.461,17
Jornada a tiempo parcial;Hombres;5;2011;1.482,09
Jornada a tiempo parcial;Hombres;5;2010;1.476,08
Jornada a tiempo parcial;Hombres;5;2009;1.424,14
Jornada a tiempo parcial;Hombres;5;2008;1.402,54
Jornada a tiempo parcial;Hombres;5;2007;1.344,33
Jornada a tiempo parcial;Hombres;5;2006;1.300,17
Jornada a tiempo parcial;Hombres;6;2022;1.915,74
Jornada a tiempo parcial;Hombres;6;2021;1.837,58
Jornada a tiempo parcial;Hombres;6;2020;1.800,77
Jornada a tiempo parcial;Hombres;6;2019;1.810,57
Jornada a tiempo parcial;Hombres;6;2018;1.726,81
Jornada a tiempo parcial;Hombres;6;2017;1.675,34
Jornada a tiempo parcial;Hombres;6;2016;1.723,48
Jornada a tiempo parcial;Hombres;6;2015;1.684,87
Jornada a tiempo parcial;Hombres;6;2014;1.732,7
Jornada a tiempo parcial;Hombres;6;2013;1.714,01
Jornada a tiempo parcial;Hombres;6;2012;1.668,5
Jornada a tiempo parcial;Hombres;6;2011;1.677,94
Jornada a tiempo parcial;Hombres;6;2010;1.686,44
Jornada a tiempo parcial;Hombres;6;2009;1.622,65
Jornada a tiempo parcial;Hombres;6;2008;1.532,27
Jornada a tiempo parcial;Hombres;6;2007;1.489,87
Jornada a tiempo parcial;Hombres;6;2006;1.411,7
Jornada a tiempo parcial;Hombres;7;2022;2.128
Jornada a tiempo parcial;Hombres;7;2021;2.073,17
Jornada a tiempo parcial;Hombres;7;2020;2.143,66
Jornada a tiempo parcial;Hombres;7;2019;2.052,01
Jornada a tiempo parcial;Hombres;7;2018;2.058,34
Jornada a tiempo parcial;Hombres;7;2017;1.986,02
Jornada a tiempo parcial;Hombres;7;2016;1.969,2
Jornada a tiempo parcial;Hombres;7;2015;1.949,7
Jornada a tiempo parcial;Hombres;7;2014;1.977,17
Jornada a tiempo parcial;Hombres;7;2013;1.872,11
Jornada a tiempo parcial;Hombres;7;2012;1.920,93
Jornada a tiempo parcial;Hombres;7;2011;1.894,44
Jornada a tiempo parcial;Hombres;7;2010;1.961,59
Jornada a tiempo parcial;Hombres;7;2009;1.825,94
Jornada a tiempo parcial;Hombres;7;2008;1.781,7
Jornada a tiempo parcial;Hombres;7;2007;1.737,49
Jornada a tiempo parcial;Hombres;7;2006;1.671,29
Jornada a tiempo parcial;Hombres;8;2022;2.560,66
Jornada a tiempo parcial;Hombres;8;2021;2.632,35
Jornada a tiempo parcial;Hombres;8;2020;2.575,53
Jornada a tiempo parcial;Hombres;8;2019;2.560,39
Jornada a tiempo parcial;Hombres;8;2018;2.416,06
Jornada a tiempo parcial;Hombres;8;2017;2.369,05
Jornada a tiempo parcial;Hombres;8;2016;2.400,55
Jornada a tiempo parcial;Hombres;8;2015;2.323,48
Jornada a tiempo parcial;Hombres;8;2014;2.292,63
Jornada a tiempo parcial;Hombres;8;2013;2.437,46
Jornada a tiempo parcial;Hombres;8;2012;2.355,74
Jornada a tiempo parcial;Hombres;8;2011;2.189,2
Jornada a tiempo parcial;Hombres;8;2010;2.202,66
Jornada a tiempo parcial;Hombres;8;2009;2.164,65
Jornada a tiempo parcial;Hombres;8;2008;2.230,58
Jornada a tiempo parcial;Hombres;8;2007;2.064,49
Jornada a tiempo parcial;Hombres;8;2006;1.921,53
Jornada a tiempo parcial;Hombres;9;2022;2.982,65
Jornada a tiempo parcial;Hombres;9;2021;2.878,53
Jornada a tiempo parcial;Hombres;9;2020;3.027,99
Jornada a tiempo parcial;Hombres;9;2019;2.836,48
Jornada a tiempo parcial;Hombres;9;2018;2.807,42
Jornada a tiempo parcial;Hombres;9;2017;2.866,51
Jornada a tiempo parcial;Hombres;9;2016;2.893,14
Jornada a tiempo parcial;Hombres;9;2015;3.022,91
Jornada a tiempo parcial;Hombres;9;2014;2.879,63
Jornada a tiempo parcial;Hombres;9;2013;2.818,51
Jornada a tiempo parcial;Hombres;9;2012;2.631,01
Jornada a tiempo parcial;Hombres;9;2011;2.529,96
Jornada a tiempo parcial;Hombres;9;2010;2.818,73
Jornada a tiempo parcial;Hombres;9;2009;2.908,56
Jornada a tiempo parcial;Hombres;9;2008;2.742,5
Jornada a tiempo parcial;Hombres;9;2007;2.516,62
Jornada a tiempo parcial;Hombres;9;2006;2.411,66
Jornada a tiempo parcial;Hombres;10;2022;4.104,9
Jornada a tiempo parcial;Hombres;10;2021;..
Jornada a tiempo parcial;Hombres;10;2020;..
Jornada a tiempo parcial;Hombres;10;2019;..
Jornada a tiempo parcial;Hombres;10;2018;..
Jornada a tiempo parcial;Hombres;10;2017;..
Jornada a tiempo parcial;Hombres;10;2016;..
Jornada a tiempo parcial;Hombres;10;2015;..
Jornada a tiempo parcial;Hombres;10;2014;..
Jornada a tiempo parcial;Hombres;10;2013;..
Jornada a tiempo parcial;Hombres;10;2012;..
Jornada a tiempo parcial;Hombres;10;2011;..
Jornada a tiempo parcial;Hombres;10;2010;..
Jornada a tiempo parcial;Hombres;10;2009;..
Jornada a tiempo parcial;Hombres;10;2008;..
Jornada a tiempo parcial;Hombres;10;2007;..
Jornada a tiempo parcial;Hombres;10;2006;..
Jornada a tiempo parcial;Mujeres;Total decil;2022;884,31
Jornada a tiempo parcial;Mujeres;Total decil;2021;827,13
Jornada a tiempo parcial;Mujeres;Total decil;2020;790,03
Jornada a tiempo parcial;Mujeres;Total decil;2019;803,67
Jornada a tiempo parcial;Mujeres;Total decil;2018;745,62
Jornada a tiempo parcial;Mujeres;Total decil;2017;721,64
Jornada a tiempo parcial;Mujeres;Total decil;2016;723,32
Jornada a tiempo parcial;Mujeres;Total decil;2015;681,87
Jornada a tiempo parcial;Mujeres;Total decil;2014;690,56
Jornada a tiempo parcial;Mujeres;Total decil;2013;693,6
Jornada a tiempo parcial;Mujeres;Total decil;2012;652,19
Jornada a tiempo parcial;Mujeres;Total decil;2011;690,92
Jornada a tiempo parcial;Mujeres;Total decil;2010;690,61
Jornada a tiempo parcial;Mujeres;Total decil;2009;694,85
Jornada a tiempo parcial;Mujeres;Total decil;2008;674,83
Jornada a tiempo parcial;Mujeres;Total decil;2007;650,66
Jornada a tiempo parcial;Mujeres;Total decil;2006;628,79
Jornada a tiempo parcial;Mujeres;1;2022;596,48
Jornada a tiempo parcial;Mujeres;1;2021;546,45
Jornada a tiempo parcial;Mujeres;1;2020;498,65
Jornada a tiempo parcial;Mujeres;1;2019;514,95
Jornada a tiempo parcial;Mujeres;1;2018;455,55
Jornada a tiempo parcial;Mujeres;1;2017;442,81
Jornada a tiempo parcial;Mujeres;1;2016;431,03
Jornada a tiempo parcial;Mujeres;1;2015;398,74
Jornada a tiempo parcial;Mujeres;1;2014;396,95
Jornada a tiempo parcial;Mujeres;1;2013;392,71
Jornada a tiempo parcial;Mujeres;1;2012;403,58
Jornada a tiempo parcial;Mujeres;1;2011;442,3
Jornada a tiempo parcial;Mujeres;1;2010;455,99
Jornada a tiempo parcial;Mujeres;1;2009;479,19
Jornada a tiempo parcial;Mujeres;1;2008;466,39
Jornada a tiempo parcial;Mujeres;1;2007;469,51
Jornada a tiempo parcial;Mujeres;1;2006;451,34
Jornada a tiempo parcial;Mujeres;2;2022;1.079,99
Jornada a tiempo parcial;Mujeres;2;2021;995,78
Jornada a tiempo parcial;Mujeres;2;2020;957,13
Jornada a tiempo parcial;Mujeres;2;2019;948,43
Jornada a tiempo parcial;Mujeres;2;2018;874,13
Jornada a tiempo parcial;Mujeres;2;2017;834,05
Jornada a tiempo parcial;Mujeres;2;2016;830,65
Jornada a tiempo parcial;Mujeres;2;2015;802,73
Jornada a tiempo parcial;Mujeres;2;2014;789,49
Jornada a tiempo parcial;Mujeres;2;2013;780,21
Jornada a tiempo parcial;Mujeres;2;2012;795,35
Jornada a tiempo parcial;Mujeres;2;2011;830,06
Jornada a tiempo parcial;Mujeres;2;2010;846,98
Jornada a tiempo parcial;Mujeres;2;2009;833,71
Jornada a tiempo parcial;Mujeres;2;2008;852,89
Jornada a tiempo parcial;Mujeres;2;2007;809,58
Jornada a tiempo parcial;Mujeres;2;2006;767,46
Jornada a tiempo parcial;Mujeres;3;2022;1.345,07
Jornada a tiempo parcial;Mujeres;3;2021;1.267,66
Jornada a tiempo parcial;Mujeres;3;2020;1.225,71
Jornada a tiempo parcial;Mujeres;3;2019;1.219,69
Jornada a tiempo parcial;Mujeres;3;2018;1.141,92
Jornada a tiempo parcial;Mujeres;3;2017;1.109,31
Jornada a tiempo parcial;Mujeres;3;2016;1.106,16
Jornada a tiempo parcial;Mujeres;3;2015;1.096,45
Jornada a tiempo parcial;Mujeres;3;2014;1.084,57
Jornada a tiempo parcial;Mujeres;3;2013;1.072,35
Jornada a tiempo parcial;Mujeres;3;2012;1.115,66
Jornada a tiempo parcial;Mujeres;3;2011;1.125,26
Jornada a tiempo parcial;Mujeres;3;2010;1.132,22
Jornada a tiempo parcial;Mujeres;3;2009;1.121,9
Jornada a tiempo parcial;Mujeres;3;2008;1.116,78
Jornada a tiempo parcial;Mujeres;3;2007;1.024,27
Jornada a tiempo parcial;Mujeres;3;2006;995,2
Jornada a tiempo parcial;Mujeres;4;2022;1.514,85
Jornada a tiempo parcial;Mujeres;4;2021;1.449,81
Jornada a tiempo parcial;Mujeres;4;2020;1.422,7
Jornada a tiempo parcial;Mujeres;4;2019;1.415,39
Jornada a tiempo parcial;Mujeres;4;2018;1.351,91
Jornada a tiempo parcial;Mujeres;4;2017;1.322,83
Jornada a tiempo parcial;Mujeres;4;2016;1.320,61
Jornada a tiempo parcial;Mujeres;4;2015;1.300,24
Jornada a tiempo parcial;Mujeres;4;2014;1.305,01
Jornada a tiempo parcial;Mujeres;4;2013;1.315,04
Jornada a tiempo parcial;Mujeres;4;2012;1.288,48
Jornada a tiempo parcial;Mujeres;4;2011;1.288,31
Jornada a tiempo parcial;Mujeres;4;2010;1.302,56
Jornada a tiempo parcial;Mujeres;4;2009;1.289,47
Jornada a tiempo parcial;Mujeres;4;2008;1.247,4
Jornada a tiempo parcial;Mujeres;4;2007;1.205,17
Jornada a tiempo parcial;Mujeres;4;2006;1.134,47
Jornada a tiempo parcial;Mujeres;5;2022;1.721,92
Jornada a tiempo parcial;Mujeres;5;2021;1.648,31
Jornada a tiempo parcial;Mujeres;5;2020;1.606,39
Jornada a tiempo parcial;Mujeres;5;2019;1.600,92
Jornada a tiempo parcial;Mujeres;5;2018;1.564,22
Jornada a tiempo parcial;Mujeres;5;2017;1.486,4
Jornada a tiempo parcial;Mujeres;5;2016;1.508,72
Jornada a tiempo parcial;Mujeres;5;2015;1.508,3
Jornada a tiempo parcial;Mujeres;5;2014;1.481,67
Jornada a tiempo parcial;Mujeres;5;2013;1.506,38
Jornada a tiempo parcial;Mujeres;5;2012;1.484,46
Jornada a tiempo parcial;Mujeres;5;2011;1.508,15
Jornada a tiempo parcial;Mujeres;5;2010;1.492,85
Jornada a tiempo parcial;Mujeres;5;2009;1.421,32
Jornada a tiempo parcial;Mujeres;5;2008;1.408,13
Jornada a tiempo parcial;Mujeres;5;2007;1.336,07
Jornada a tiempo parcial;Mujeres;5;2006;1.268,9
Jornada a tiempo parcial;Mujeres;6;2022;1.900,25
Jornada a tiempo parcial;Mujeres;6;2021;1.871,08
Jornada a tiempo parcial;Mujeres;6;2020;1.839,18
Jornada a tiempo parcial;Mujeres;6;2019;1.792,44
Jornada a tiempo parcial;Mujeres;6;2018;1.758,27
Jornada a tiempo parcial;Mujeres;6;2017;1.676,14
Jornada a tiempo parcial;Mujeres;6;2016;1.709,43
Jornada a tiempo parcial;Mujeres;6;2015;1.683,93
Jornada a tiempo parcial;Mujeres;6;2014;1.690,58
Jornada a tiempo parcial;Mujeres;6;2013;1.680,78
Jornada a tiempo parcial;Mujeres;6;2012;1.678,98
Jornada a tiempo parcial;Mujeres;6;2011;1.691,19
Jornada a tiempo parcial;Mujeres;6;2010;1.651,78
Jornada a tiempo parcial;Mujeres;6;2009;1.617,38
Jornada a tiempo parcial;Mujeres;6;2008;1.588,52
Jornada a tiempo parcial;Mujeres;6;2007;1.486,71
Jornada a tiempo parcial;Mujeres;6;2006;1.445,22
Jornada a tiempo parcial;Mujeres;7;2022;2.184,55
Jornada a tiempo parcial;Mujeres;7;2021;2.122,57
Jornada a tiempo parcial;Mujeres;7;2020;2.101,35
Jornada a tiempo parcial;Mujeres;7;2019;2.058,59
Jornada a tiempo parcial;Mujeres;7;2018;2.030,48
Jornada a tiempo parcial;Mujeres;7;2017;1.991,37
Jornada a tiempo parcial;Mujeres;7;2016;1.945,17
Jornada a tiempo parcial;Mujeres;7;2015;1.919,29
Jornada a tiempo parcial;Mujeres;7;2014;1.936,19
Jornada a tiempo parcial;Mujeres;7;2013;1.956,82
Jornada a tiempo parcial;Mujeres;7;2012;1.943,44
Jornada a tiempo parcial;Mujeres;7;2011;1.922,61
Jornada a tiempo parcial;Mujeres;7;2010;1.911,26
Jornada a tiempo parcial;Mujeres;7;2009;1.843,82
Jornada a tiempo parcial;Mujeres;7;2008;1.837,47
Jornada a tiempo parcial;Mujeres;7;2007;1.691,03
Jornada a tiempo parcial;Mujeres;7;2006;1.629,88
Jornada a tiempo parcial;Mujeres;8;2022;2.531,78
Jornada a tiempo parcial;Mujeres;8;2021;2.519,52
Jornada a tiempo parcial;Mujeres;8;2020;2.529,87
Jornada a tiempo parcial;Mujeres;8;2019;2.461,27
Jornada a tiempo parcial;Mujeres;8;2018;2.458,57
Jornada a tiempo parcial;Mujeres;8;2017;2.345,05
Jornada a tiempo parcial;Mujeres;8;2016;2.314,99
Jornada a tiempo parcial;Mujeres;8;2015;2.308,68
Jornada a tiempo parcial;Mujeres;8;2014;2.322,42
Jornada a tiempo parcial;Mujeres;8;2013;2.339,34
Jornada a tiempo parcial;Mujeres;8;2012;2.257,99
Jornada a tiempo parcial;Mujeres;8;2011;2.256,13
Jornada a tiempo parcial;Mujeres;8;2010;2.279,66
Jornada a tiempo parcial;Mujeres;8;2009;2.217,06
Jornada a tiempo parcial;Mujeres;8;2008;2.168,31
Jornada a tiempo parcial;Mujeres;8;2007;2.064,07
Jornada a tiempo parcial;Mujeres;8;2006;1.973,39
Jornada a tiempo parcial;Mujeres;9;2022;3.125,16
Jornada a tiempo parcial;Mujeres;9;2021;2.904,75
Jornada a tiempo parcial;Mujeres;9;2020;3.124,12
Jornada a tiempo parcial;Mujeres;9;2019;2.824,69
Jornada a tiempo parcial;Mujeres;9;2018;2.756,07
Jornada a tiempo parcial;Mujeres;9;2017;2.921,4
Jornada a tiempo parcial;Mujeres;9;2016;2.763,38
Jornada a tiempo parcial;Mujeres;9;2015;2.732,65
Jornada a tiempo parcial;Mujeres;9;2014;2.927,48
Jornada a tiempo parcial;Mujeres;9;2013;2.720,04
Jornada a tiempo parcial;Mujeres;9;2012;2.654,82
Jornada a tiempo parcial;Mujeres;9;2011;2.563,03
Jornada a tiempo parcial;Mujeres;9;2010;2.900,16
Jornada a tiempo parcial;Mujeres;9;2009;2.768,96
Jornada a tiempo parcial;Mujeres;9;2008;2.755,97
Jornada a tiempo parcial;Mujeres;9;2007;2.532,5
Jornada a tiempo parcial;Mujeres;9;2006;2.428,73
Jornada a tiempo parcial;Mujeres;10;2022;4.104,9
Jornada a tiempo parcial;Mujeres;10;2021;..
Jornada a tiempo parcial;Mujeres;10;2020;..
Jornada a tiempo parcial;Mujeres;10;2019;..
Jornada a tiempo parcial;Mujeres;10;2018;..
Jornada a tiempo parcial;Mujeres;10;2017;..
Jornada a tiempo parcial;Mujeres;10;2016;..
Jornada a tiempo parcial;Mujeres;10;2015;3.487,48
Jornada a tiempo parcial;Mujeres;10;2014;..
Jornada a tiempo parcial;Mujeres;10;2013;..
Jornada a tiempo parcial;Mujeres;10;2012;..
Jornada a tiempo parcial;Mujeres;10;2011;..
Jornada a tiempo parcial;Mujeres;10;2010;..
Jornada a tiempo parcial;Mujeres;10;2009;..
Jornada a tiempo parcial;Mujeres;10;2008;..
Jornada a tiempo parcial;Mujeres;10;2007;..
Jornada a tiempo parcial;Mujeres;10;2006;..
