,Sectores de actividad económica,Sexo/Brecha de género,Periodo,Total
0,"Secciones B-S: Industria, construcción y servicios (excepto actividades de los hogares como empleadores y organizaciones extraterritoriales)",Mujeres,2021,23176.0
1,"Secciones B-S: Industria, construcción y servicios (excepto actividades de los hogares como empleadores y organizaciones extraterritoriales)",Mujeres,2020,22467.5
2,"Secciones B-S: Industria, construcción y servicios (excepto actividades de los hogares como empleadores y organizaciones extraterritoriales)",Mujeres,2019,21682.0
3,"Secciones B-S: Industria, construcción y servicios (excepto actividades de los hogares como empleadores y organizaciones extraterritoriales)",Mujeres,2018,21011.9
4,"Secciones B-S: Industria, construcción y servicios (excepto actividades de los hogares como empleadores y organizaciones extraterritoriales)",Mujeres,2017,20607.8
5,"Secciones B-S: Industria, construcción y servicios (excepto actividades de los hogares como empleadores y organizaciones extraterritoriales)",Mujeres,2016,20131.4
6,"Secciones B-S: Industria, construcción y servicios (excepto actividades de los hogares como empleadores y organizaciones extraterritoriales)",Mujeres,2015,20051.6
7,"Secciones B-S: Industria, construcción y servicios (excepto actividades de los hogares como empleadores y organizaciones extraterritoriales)",Mujeres,2014,19744.8
8,"Secciones B-S: Industria, construcción y servicios (excepto actividades de los hogares como empleadores y organizaciones extraterritoriales)",Mujeres,2013,19514.6
9,"Secciones B-S: Industria, construcción y servicios (excepto actividades de los hogares como empleadores y organizaciones extraterritoriales)",Mujeres,2012,19537.3
10,"Secciones B-S: Industria, construcción y servicios (excepto actividades de los hogares como empleadores y organizaciones extraterritoriales)",Mujeres,2011,19767.6
11,"Secciones B-S: Industria, construcción y servicios (excepto actividades de los hogares como empleadores y organizaciones extraterritoriales)",Mujeres,2010,19735.2
12,"Secciones B-S: Industria, construcción y servicios (excepto actividades de los hogares como empleadores y organizaciones extraterritoriales)",Mujeres,2009,19502.0
13,"Secciones B-S: Industria, construcción y servicios (excepto actividades de los hogares como empleadores y organizaciones extraterritoriales)",Hombres,2021,28388.7
14,"Secciones B-S: Industria, construcción y servicios (excepto actividades de los hogares como empleadores y organizaciones extraterritoriales)",Hombres,2020,27642.5
15,"Secciones B-S: Industria, construcción y servicios (excepto actividades de los hogares como empleadores y organizaciones extraterritoriales)",Hombres,2019,26934.4
16,"Secciones B-S: Industria, construcción y servicios (excepto actividades de los hogares como empleadores y organizaciones extraterritoriales)",Hombres,2018,26738.2
17,"Secciones B-S: Industria, construcción y servicios (excepto actividades de los hogares como empleadores y organizaciones extraterritoriales)",Hombres,2017,26391.8
18,"Secciones B-S: Industria, construcción y servicios (excepto actividades de los hogares como empleadores y organizaciones extraterritoriales)",Hombres,2016,25924.4
19,"Secciones B-S: Industria, construcción y servicios (excepto actividades de los hogares como empleadores y organizaciones extraterritoriales)",Hombres,2015,25992.8
20,"Secciones B-S: Industria, construcción y servicios (excepto actividades de los hogares como empleadores y organizaciones extraterritoriales)",Hombres,2014,25727.2
21,"Secciones B-S: Industria, construcción y servicios (excepto actividades de los hogares como empleadores y organizaciones extraterritoriales)",Hombres,2013,25675.2
22,"Secciones B-S: Industria, construcción y servicios (excepto actividades de los hogares como empleadores y organizaciones extraterritoriales)",Hombres,2012,25682.0
23,"Secciones B-S: Industria, construcción y servicios (excepto actividades de los hogares como empleadores y organizaciones extraterritoriales)",Hombres,2011,25667.9
24,"Secciones B-S: Industria, construcción y servicios (excepto actividades de los hogares como empleadores y organizaciones extraterritoriales)",Hombres,2010,25479.7
25,"Secciones B-S: Industria, construcción y servicios (excepto actividades de los hogares como empleadores y organizaciones extraterritoriales)",Hombres,2009,25001.0
26,"Secciones B-S: Industria, construcción y servicios (excepto actividades de los hogares como empleadores y organizaciones extraterritoriales)",Cociente mujeres respecto a hombres,2021,81.6
27,"Secciones B-S: Industria, construcción y servicios (excepto actividades de los hogares como empleadores y organizaciones extraterritoriales)",Cociente mujeres respecto a hombres,2020,81.3
28,"Secciones B-S: Industria, construcción y servicios (excepto actividades de los hogares como empleadores y organizaciones extraterritoriales)",Cociente mujeres respecto a hombres,2019,80.5
29,"Secciones B-S: Industria, construcción y servicios (excepto actividades de los hogares como empleadores y organizaciones extraterritoriales)",Cociente mujeres respecto a hombres,2018,78.6
30,"Secciones B-S: Industria, construcción y servicios (excepto actividades de los hogares como empleadores y organizaciones extraterritoriales)",Cociente mujeres respecto a hombres,2017,78.1
31,"Secciones B-S: Industria, construcción y servicios (excepto actividades de los hogares como empleadores y organizaciones extraterritoriales)",Cociente mujeres respecto a hombres,2016,77.7
32,"Secciones B-S: Industria, construcción y servicios (excepto actividades de los hogares como empleadores y organizaciones extraterritoriales)",Cociente mujeres respecto a hombres,2015,77.1
33,"Secciones B-S: Industria, construcción y servicios (excepto actividades de los hogares como empleadores y organizaciones extraterritoriales)",Cociente mujeres respecto a hombres,2014,76.7
34,"Secciones B-S: Industria, construcción y servicios (excepto actividades de los hogares como empleadores y organizaciones extraterritoriales)",Cociente mujeres respecto a hombres,2013,76.0
35,"Secciones B-S: Industria, construcción y servicios (excepto actividades de los hogares como empleadores y organizaciones extraterritoriales)",Cociente mujeres respecto a hombres,2012,76.1
36,"Secciones B-S: Industria, construcción y servicios (excepto actividades de los hogares como empleadores y organizaciones extraterritoriales)",Cociente mujeres respecto a hombres,2011,77.0
37,"Secciones B-S: Industria, construcción y servicios (excepto actividades de los hogares como empleadores y organizaciones extraterritoriales)",Cociente mujeres respecto a hombres,2010,77.5
38,"Secciones B-S: Industria, construcción y servicios (excepto actividades de los hogares como empleadores y organizaciones extraterritoriales)",Cociente mujeres respecto a hombres,2009,78.0
39,Construcción,Mujeres,2021,22640.2
40,Construcción,Mujeres,2020,21188.0
41,Construcción,Mujeres,2019,21388.8
42,Construcción,Mujeres,2018,21919.0
43,Construcción,Mujeres,2017,20588.7
44,Construcción,Mujeres,2016,20361.7
45,Construcción,Mujeres,2015,20060.5
46,Construcción,Mujeres,2014,21483.2
47,Construcción,Mujeres,2013,20636.2
48,Construcción,Mujeres,2012,21441.7
49,Construcción,Mujeres,2011,21029.7
50,Construcción,Mujeres,2010,20189.8
51,Construcción,Mujeres,2009,20011.5
52,Construcción,Hombres,2021,24362.0
53,Construcción,Hombres,2020,23402.3
54,Construcción,Hombres,2019,22997.4
55,Construcción,Hombres,2018,23118.3
56,Construcción,Hombres,2017,22927.3
57,Construcción,Hombres,2016,22460.9
58,Construcción,Hombres,2015,23113.9
59,Construcción,Hombres,2014,22783.0
60,Construcción,Hombres,2013,23067.2
61,Construcción,Hombres,2012,22911.0
62,Construcción,Hombres,2011,22784.0
63,Construcción,Hombres,2010,22239.8
64,Construcción,Hombres,2009,22067.2
65,Construcción,Cociente mujeres respecto a hombres,2021,92.9
66,Construcción,Cociente mujeres respecto a hombres,2020,90.5
67,Construcción,Cociente mujeres respecto a hombres,2019,93.0
68,Construcción,Cociente mujeres respecto a hombres,2018,94.8
69,Construcción,Cociente mujeres respecto a hombres,2017,89.8
70,Construcción,Cociente mujeres respecto a hombres,2016,90.7
71,Construcción,Cociente mujeres respecto a hombres,2015,86.8
72,Construcción,Cociente mujeres respecto a hombres,2014,94.3
73,Construcción,Cociente mujeres respecto a hombres,2013,89.5
74,Construcción,Cociente mujeres respecto a hombres,2012,93.6
75,Construcción,Cociente mujeres respecto a hombres,2011,92.3
76,Construcción,Cociente mujeres respecto a hombres,2010,90.8
77,Construcción,Cociente mujeres respecto a hombres,2009,90.7
78,Industrias extractivas,Mujeres,2021,41919.9
79,Industrias extractivas,Mujeres,2020,40804.1
80,Industrias extractivas,Mujeres,2019,39732.3
81,Industrias extractivas,Mujeres,2018,38900.7
82,Industrias extractivas,Mujeres,2017,35259.1
83,Industrias extractivas,Mujeres,2016,35133.4
84,Industrias extractivas,Mujeres,2015,36885.7
85,Industrias extractivas,Mujeres,2014,38303.3
86,Industrias extractivas,Mujeres,2013,29485.4
87,Industrias extractivas,Mujeres,2012,27562.2
88,Industrias extractivas,Mujeres,2011,25943.5
89,Industrias extractivas,Mujeres,2010,24728.1
90,Industrias extractivas,Mujeres,2009,26213.1
91,Industrias extractivas,Hombres,2021,33558.0
92,Industrias extractivas,Hombres,2020,33198.8
93,Industrias extractivas,Hombres,2019,33116.7
94,Industrias extractivas,Hombres,2018,33095.4
95,Industrias extractivas,Hombres,2017,32127.5
96,Industrias extractivas,Hombres,2016,31968.7
97,Industrias extractivas,Hombres,2015,31770.9
98,Industrias extractivas,Hombres,2014,32130.1
99,Industrias extractivas,Hombres,2013,31714.8
100,Industrias extractivas,Hombres,2012,30628.5
101,Industrias extractivas,Hombres,2011,29602.1
102,Industrias extractivas,Hombres,2010,28713.2
103,Industrias extractivas,Hombres,2009,27123.0
104,Industrias extractivas,Cociente mujeres respecto a hombres,2021,124.9
105,Industrias extractivas,Cociente mujeres respecto a hombres,2020,122.9
106,Industrias extractivas,Cociente mujeres respecto a hombres,2019,120.0
107,Industrias extractivas,Cociente mujeres respecto a hombres,2018,117.5
108,Industrias extractivas,Cociente mujeres respecto a hombres,2017,109.7
109,Industrias extractivas,Cociente mujeres respecto a hombres,2016,109.9
110,Industrias extractivas,Cociente mujeres respecto a hombres,2015,116.1
111,Industrias extractivas,Cociente mujeres respecto a hombres,2014,119.2
112,Industrias extractivas,Cociente mujeres respecto a hombres,2013,93.0
113,Industrias extractivas,Cociente mujeres respecto a hombres,2012,90.0
114,Industrias extractivas,Cociente mujeres respecto a hombres,2011,87.6
115,Industrias extractivas,Cociente mujeres respecto a hombres,2010,86.1
116,Industrias extractivas,Cociente mujeres respecto a hombres,2009,96.6
117,Transporte y almacenamiento,Mujeres,2021,24286.3
118,Transporte y almacenamiento,Mujeres,2020,24083.0
119,Transporte y almacenamiento,Mujeres,2019,22868.3
120,Transporte y almacenamiento,Mujeres,2018,22595.7
121,Transporte y almacenamiento,Mujeres,2017,22210.8
122,Transporte y almacenamiento,Mujeres,2016,22176.4
123,Transporte y almacenamiento,Mujeres,2015,22039.8
124,Transporte y almacenamiento,Mujeres,2014,21991.8
125,Transporte y almacenamiento,Mujeres,2013,21844.4
126,Transporte y almacenamiento,Mujeres,2012,21580.7
127,Transporte y almacenamiento,Mujeres,2011,21663.9
128,Transporte y almacenamiento,Mujeres,2010,20835.8
129,Transporte y almacenamiento,Mujeres,2009,19262.1
130,Transporte y almacenamiento,Hombres,2021,25939.1
131,Transporte y almacenamiento,Hombres,2020,25336.1
132,Transporte y almacenamiento,Hombres,2019,24852.6
133,Transporte y almacenamiento,Hombres,2018,25274.9
134,Transporte y almacenamiento,Hombres,2017,24618.8
135,Transporte y almacenamiento,Hombres,2016,24010.1
136,Transporte y almacenamiento,Hombres,2015,24497.5
137,Transporte y almacenamiento,Hombres,2014,24069.8
138,Transporte y almacenamiento,Hombres,2013,24022.7
139,Transporte y almacenamiento,Hombres,2012,23998.5
140,Transporte y almacenamiento,Hombres,2011,23821.0
141,Transporte y almacenamiento,Hombres,2010,23616.5
142,Transporte y almacenamiento,Hombres,2009,23073.9
143,Transporte y almacenamiento,Cociente mujeres respecto a hombres,2021,93.6
144,Transporte y almacenamiento,Cociente mujeres respecto a hombres,2020,95.0
145,Transporte y almacenamiento,Cociente mujeres respecto a hombres,2019,92.0
146,Transporte y almacenamiento,Cociente mujeres respecto a hombres,2018,89.4
147,Transporte y almacenamiento,Cociente mujeres respecto a hombres,2017,90.2
148,Transporte y almacenamiento,Cociente mujeres respecto a hombres,2016,92.4
149,Transporte y almacenamiento,Cociente mujeres respecto a hombres,2015,90.0
150,Transporte y almacenamiento,Cociente mujeres respecto a hombres,2014,91.4
151,Transporte y almacenamiento,Cociente mujeres respecto a hombres,2013,90.9
152,Transporte y almacenamiento,Cociente mujeres respecto a hombres,2012,89.9
153,Transporte y almacenamiento,Cociente mujeres respecto a hombres,2011,90.9
154,Transporte y almacenamiento,Cociente mujeres respecto a hombres,2010,88.2
155,Transporte y almacenamiento,Cociente mujeres respecto a hombres,2009,83.5
156,Educación,Mujeres,2021,27453.6
157,Educación,Mujeres,2020,26349.5
158,Educación,Mujeres,2019,25221.0
159,Educación,Mujeres,2018,23225.8
160,Educación,Mujeres,2017,22784.0
161,Educación,Mujeres,2016,21622.5
162,Educación,Mujeres,2015,20981.6
163,Educación,Mujeres,2014,20347.9
164,Educación,Mujeres,2013,20974.8
165,Educación,Mujeres,2012,20700.5
166,Educación,Mujeres,2011,20797.8
167,Educación,Mujeres,2010,20872.4
168,Educación,Mujeres,2009,21459.5
169,Educación,Hombres,2021,29804.0
170,Educación,Hombres,2020,28469.5
171,Educación,Hombres,2019,27292.8
172,Educación,Hombres,2018,24532.4
173,Educación,Hombres,2017,25093.0
174,Educación,Hombres,2016,23663.0
175,Educación,Hombres,2015,23143.3
176,Educación,Hombres,2014,22079.3
177,Educación,Hombres,2013,23890.8
178,Educación,Hombres,2012,23477.5
179,Educación,Hombres,2011,23271.5
180,Educación,Hombres,2010,23453.7
181,Educación,Hombres,2009,22237.8
182,Educación,Cociente mujeres respecto a hombres,2021,92.1
183,Educación,Cociente mujeres respecto a hombres,2020,92.5
184,Educación,Cociente mujeres respecto a hombres,2019,92.4
185,Educación,Cociente mujeres respecto a hombres,2018,94.7
186,Educación,Cociente mujeres respecto a hombres,2017,90.8
187,Educación,Cociente mujeres respecto a hombres,2016,91.4
188,Educación,Cociente mujeres respecto a hombres,2015,90.7
189,Educación,Cociente mujeres respecto a hombres,2014,92.2
190,Educación,Cociente mujeres respecto a hombres,2013,87.8
191,Educación,Cociente mujeres respecto a hombres,2012,88.2
192,Educación,Cociente mujeres respecto a hombres,2011,89.4
193,Educación,Cociente mujeres respecto a hombres,2010,89.0
194,Educación,Cociente mujeres respecto a hombres,2009,96.5
195,"Administración Pública y defensa, Seguridad Social obligatoria",Mujeres,2021,32137.8
196,"Administración Pública y defensa, Seguridad Social obligatoria",Mujeres,2020,31268.6
197,"Administración Pública y defensa, Seguridad Social obligatoria",Mujeres,2019,29992.2
198,"Administración Pública y defensa, Seguridad Social obligatoria",Mujeres,2018,28095.1
199,"Administración Pública y defensa, Seguridad Social obligatoria",Mujeres,2017,27391.4
200,"Administración Pública y defensa, Seguridad Social obligatoria",Mujeres,2016,27547.4
201,"Administración Pública y defensa, Seguridad Social obligatoria",Mujeres,2015,27305.8
202,"Administración Pública y defensa, Seguridad Social obligatoria",Mujeres,2014,26267.9
203,"Administración Pública y defensa, Seguridad Social obligatoria",Mujeres,2013,25583.7
204,"Administración Pública y defensa, Seguridad Social obligatoria",Mujeres,2012,25092.3
205,"Administración Pública y defensa, Seguridad Social obligatoria",Mujeres,2011,25850.9
206,"Administración Pública y defensa, Seguridad Social obligatoria",Mujeres,2010,26224.2
207,"Administración Pública y defensa, Seguridad Social obligatoria",Mujeres,2009,25830.1
208,"Administración Pública y defensa, Seguridad Social obligatoria",Hombres,2021,35908.2
209,"Administración Pública y defensa, Seguridad Social obligatoria",Hombres,2020,33931.8
210,"Administración Pública y defensa, Seguridad Social obligatoria",Hombres,2019,32213.1
211,"Administración Pública y defensa, Seguridad Social obligatoria",Hombres,2018,31469.3
212,"Administración Pública y defensa, Seguridad Social obligatoria",Hombres,2017,30582.0
213,"Administración Pública y defensa, Seguridad Social obligatoria",Hombres,2016,30712.3
214,"Administración Pública y defensa, Seguridad Social obligatoria",Hombres,2015,29828.0
215,"Administración Pública y defensa, Seguridad Social obligatoria",Hombres,2014,28772.0
216,"Administración Pública y defensa, Seguridad Social obligatoria",Hombres,2013,29827.3
217,"Administración Pública y defensa, Seguridad Social obligatoria",Hombres,2012,28632.3
218,"Administración Pública y defensa, Seguridad Social obligatoria",Hombres,2011,29877.6
219,"Administración Pública y defensa, Seguridad Social obligatoria",Hombres,2010,29872.5
220,"Administración Pública y defensa, Seguridad Social obligatoria",Hombres,2009,29382.3
221,"Administración Pública y defensa, Seguridad Social obligatoria",Cociente mujeres respecto a hombres,2021,89.5
222,"Administración Pública y defensa, Seguridad Social obligatoria",Cociente mujeres respecto a hombres,2020,92.2
223,"Administración Pública y defensa, Seguridad Social obligatoria",Cociente mujeres respecto a hombres,2019,93.1
224,"Administración Pública y defensa, Seguridad Social obligatoria",Cociente mujeres respecto a hombres,2018,89.3
225,"Administración Pública y defensa, Seguridad Social obligatoria",Cociente mujeres respecto a hombres,2017,89.6
226,"Administración Pública y defensa, Seguridad Social obligatoria",Cociente mujeres respecto a hombres,2016,89.7
227,"Administración Pública y defensa, Seguridad Social obligatoria",Cociente mujeres respecto a hombres,2015,91.5
228,"Administración Pública y defensa, Seguridad Social obligatoria",Cociente mujeres respecto a hombres,2014,91.3
229,"Administración Pública y defensa, Seguridad Social obligatoria",Cociente mujeres respecto a hombres,2013,85.8
230,"Administración Pública y defensa, Seguridad Social obligatoria",Cociente mujeres respecto a hombres,2012,87.6
231,"Administración Pública y defensa, Seguridad Social obligatoria",Cociente mujeres respecto a hombres,2011,86.5
232,"Administración Pública y defensa, Seguridad Social obligatoria",Cociente mujeres respecto a hombres,2010,87.8
233,"Administración Pública y defensa, Seguridad Social obligatoria",Cociente mujeres respecto a hombres,2009,87.9
234,"Suministro de agua, actividades de saneamiento, gestión de residuos y descontaminación",Mujeres,2021,26520.1
235,"Suministro de agua, actividades de saneamiento, gestión de residuos y descontaminación",Mujeres,2020,25020.3
236,"Suministro de agua, actividades de saneamiento, gestión de residuos y descontaminación",Mujeres,2019,24622.3
237,"Suministro de agua, actividades de saneamiento, gestión de residuos y descontaminación",Mujeres,2018,24302.8
238,"Suministro de agua, actividades de saneamiento, gestión de residuos y descontaminación",Mujeres,2017,24010.7
239,"Suministro de agua, actividades de saneamiento, gestión de residuos y descontaminación",Mujeres,2016,23184.6
240,"Suministro de agua, actividades de saneamiento, gestión de residuos y descontaminación",Mujeres,2015,22616.2
241,"Suministro de agua, actividades de saneamiento, gestión de residuos y descontaminación",Mujeres,2014,22345.5
242,"Suministro de agua, actividades de saneamiento, gestión de residuos y descontaminación",Mujeres,2013,21693.7
243,"Suministro de agua, actividades de saneamiento, gestión de residuos y descontaminación",Mujeres,2012,21670.9
244,"Suministro de agua, actividades de saneamiento, gestión de residuos y descontaminación",Mujeres,2011,21065.6
245,"Suministro de agua, actividades de saneamiento, gestión de residuos y descontaminación",Mujeres,2010,20981.8
246,"Suministro de agua, actividades de saneamiento, gestión de residuos y descontaminación",Mujeres,2009,19280.2
247,"Suministro de agua, actividades de saneamiento, gestión de residuos y descontaminación",Hombres,2021,29983.6
248,"Suministro de agua, actividades de saneamiento, gestión de residuos y descontaminación",Hombres,2020,28548.1
249,"Suministro de agua, actividades de saneamiento, gestión de residuos y descontaminación",Hombres,2019,28214.3
250,"Suministro de agua, actividades de saneamiento, gestión de residuos y descontaminación",Hombres,2018,28074.8
251,"Suministro de agua, actividades de saneamiento, gestión de residuos y descontaminación",Hombres,2017,27628.2
252,"Suministro de agua, actividades de saneamiento, gestión de residuos y descontaminación",Hombres,2016,27154.2
253,"Suministro de agua, actividades de saneamiento, gestión de residuos y descontaminación",Hombres,2015,27340.6
254,"Suministro de agua, actividades de saneamiento, gestión de residuos y descontaminación",Hombres,2014,26846.4
255,"Suministro de agua, actividades de saneamiento, gestión de residuos y descontaminación",Hombres,2013,26208.7
256,"Suministro de agua, actividades de saneamiento, gestión de residuos y descontaminación",Hombres,2012,26070.2
257,"Suministro de agua, actividades de saneamiento, gestión de residuos y descontaminación",Hombres,2011,26724.7
258,"Suministro de agua, actividades de saneamiento, gestión de residuos y descontaminación",Hombres,2010,26020.4
259,"Suministro de agua, actividades de saneamiento, gestión de residuos y descontaminación",Hombres,2009,24745.7
260,"Suministro de agua, actividades de saneamiento, gestión de residuos y descontaminación",Cociente mujeres respecto a hombres,2021,88.4
261,"Suministro de agua, actividades de saneamiento, gestión de residuos y descontaminación",Cociente mujeres respecto a hombres,2020,87.6
262,"Suministro de agua, actividades de saneamiento, gestión de residuos y descontaminación",Cociente mujeres respecto a hombres,2019,87.3
263,"Suministro de agua, actividades de saneamiento, gestión de residuos y descontaminación",Cociente mujeres respecto a hombres,2018,86.6
264,"Suministro de agua, actividades de saneamiento, gestión de residuos y descontaminación",Cociente mujeres respecto a hombres,2017,86.9
265,"Suministro de agua, actividades de saneamiento, gestión de residuos y descontaminación",Cociente mujeres respecto a hombres,2016,85.4
266,"Suministro de agua, actividades de saneamiento, gestión de residuos y descontaminación",Cociente mujeres respecto a hombres,2015,82.7
267,"Suministro de agua, actividades de saneamiento, gestión de residuos y descontaminación",Cociente mujeres respecto a hombres,2014,83.2
268,"Suministro de agua, actividades de saneamiento, gestión de residuos y descontaminación",Cociente mujeres respecto a hombres,2013,82.8
269,"Suministro de agua, actividades de saneamiento, gestión de residuos y descontaminación",Cociente mujeres respecto a hombres,2012,83.1
270,"Suministro de agua, actividades de saneamiento, gestión de residuos y descontaminación",Cociente mujeres respecto a hombres,2011,78.8
271,"Suministro de agua, actividades de saneamiento, gestión de residuos y descontaminación",Cociente mujeres respecto a hombres,2010,80.6
272,"Suministro de agua, actividades de saneamiento, gestión de residuos y descontaminación",Cociente mujeres respecto a hombres,2009,77.9
273,"Suministro de energía eléctrica, gas, vapor y aire acondicionado",Mujeres,2021,45462.9
274,"Suministro de energía eléctrica, gas, vapor y aire acondicionado",Mujeres,2020,45975.8
275,"Suministro de energía eléctrica, gas, vapor y aire acondicionado",Mujeres,2019,45012.2
276,"Suministro de energía eléctrica, gas, vapor y aire acondicionado",Mujeres,2018,44395.9
277,"Suministro de energía eléctrica, gas, vapor y aire acondicionado",Mujeres,2017,44656.9
278,"Suministro de energía eléctrica, gas, vapor y aire acondicionado",Mujeres,2016,44147.2
279,"Suministro de energía eléctrica, gas, vapor y aire acondicionado",Mujeres,2015,43674.2
280,"Suministro de energía eléctrica, gas, vapor y aire acondicionado",Mujeres,2014,43473.8
281,"Suministro de energía eléctrica, gas, vapor y aire acondicionado",Mujeres,2013,44341.9
282,"Suministro de energía eléctrica, gas, vapor y aire acondicionado",Mujeres,2012,44634.4
283,"Suministro de energía eléctrica, gas, vapor y aire acondicionado",Mujeres,2011,44662.8
284,"Suministro de energía eléctrica, gas, vapor y aire acondicionado",Mujeres,2010,41782.6
285,"Suministro de energía eléctrica, gas, vapor y aire acondicionado",Mujeres,2009,42200.8
286,"Suministro de energía eléctrica, gas, vapor y aire acondicionado",Hombres,2021,55829.7
287,"Suministro de energía eléctrica, gas, vapor y aire acondicionado",Hombres,2020,56481.6
288,"Suministro de energía eléctrica, gas, vapor y aire acondicionado",Hombres,2019,54357.9
289,"Suministro de energía eléctrica, gas, vapor y aire acondicionado",Hombres,2018,53379.9
290,"Suministro de energía eléctrica, gas, vapor y aire acondicionado",Hombres,2017,54199.4
291,"Suministro de energía eléctrica, gas, vapor y aire acondicionado",Hombres,2016,52960.0
292,"Suministro de energía eléctrica, gas, vapor y aire acondicionado",Hombres,2015,54024.9
293,"Suministro de energía eléctrica, gas, vapor y aire acondicionado",Hombres,2014,53084.9
294,"Suministro de energía eléctrica, gas, vapor y aire acondicionado",Hombres,2013,55348.5
295,"Suministro de energía eléctrica, gas, vapor y aire acondicionado",Hombres,2012,54195.6
296,"Suministro de energía eléctrica, gas, vapor y aire acondicionado",Hombres,2011,51612.3
297,"Suministro de energía eléctrica, gas, vapor y aire acondicionado",Hombres,2010,50426.3
298,"Suministro de energía eléctrica, gas, vapor y aire acondicionado",Hombres,2009,52190.7
299,"Suministro de energía eléctrica, gas, vapor y aire acondicionado",Cociente mujeres respecto a hombres,2021,81.4
300,"Suministro de energía eléctrica, gas, vapor y aire acondicionado",Cociente mujeres respecto a hombres,2020,81.4
301,"Suministro de energía eléctrica, gas, vapor y aire acondicionado",Cociente mujeres respecto a hombres,2019,82.8
302,"Suministro de energía eléctrica, gas, vapor y aire acondicionado",Cociente mujeres respecto a hombres,2018,83.2
303,"Suministro de energía eléctrica, gas, vapor y aire acondicionado",Cociente mujeres respecto a hombres,2017,82.4
304,"Suministro de energía eléctrica, gas, vapor y aire acondicionado",Cociente mujeres respecto a hombres,2016,83.3
305,"Suministro de energía eléctrica, gas, vapor y aire acondicionado",Cociente mujeres respecto a hombres,2015,80.8
306,"Suministro de energía eléctrica, gas, vapor y aire acondicionado",Cociente mujeres respecto a hombres,2014,81.9
307,"Suministro de energía eléctrica, gas, vapor y aire acondicionado",Cociente mujeres respecto a hombres,2013,80.1
308,"Suministro de energía eléctrica, gas, vapor y aire acondicionado",Cociente mujeres respecto a hombres,2012,82.3
309,"Suministro de energía eléctrica, gas, vapor y aire acondicionado",Cociente mujeres respecto a hombres,2011,86.5
310,"Suministro de energía eléctrica, gas, vapor y aire acondicionado",Cociente mujeres respecto a hombres,2010,82.8
311,"Suministro de energía eléctrica, gas, vapor y aire acondicionado",Cociente mujeres respecto a hombres,2009,80.8
312,Hostelería,Mujeres,2021,13388.5
313,Hostelería,Mujeres,2020,12874.1
314,Hostelería,Mujeres,2019,13410.4
315,Hostelería,Mujeres,2018,12808.9
316,Hostelería,Mujeres,2017,13161.3
317,Hostelería,Mujeres,2016,12608.9
318,Hostelería,Mujeres,2015,12563.1
319,Hostelería,Mujeres,2014,12311.8
320,Hostelería,Mujeres,2013,12536.3
321,Hostelería,Mujeres,2012,12694.2
322,Hostelería,Mujeres,2011,12645.9
323,Hostelería,Mujeres,2010,12825.5
324,Hostelería,Mujeres,2009,12518.3
325,Hostelería,Hombres,2021,16229.9
326,Hostelería,Hombres,2020,15768.0
327,Hostelería,Hombres,2019,16134.5
328,Hostelería,Hombres,2018,16271.8
329,Hostelería,Hombres,2017,16138.9
330,Hostelería,Hombres,2016,15907.9
331,Hostelería,Hombres,2015,15751.3
332,Hostelería,Hombres,2014,15368.5
333,Hostelería,Hombres,2013,15552.5
334,Hostelería,Hombres,2012,15518.3
335,Hostelería,Hombres,2011,16216.7
336,Hostelería,Hombres,2010,16891.7
337,Hostelería,Hombres,2009,15940.3
338,Hostelería,Cociente mujeres respecto a hombres,2021,82.5
339,Hostelería,Cociente mujeres respecto a hombres,2020,81.6
340,Hostelería,Cociente mujeres respecto a hombres,2019,83.1
341,Hostelería,Cociente mujeres respecto a hombres,2018,78.7
342,Hostelería,Cociente mujeres respecto a hombres,2017,81.5
343,Hostelería,Cociente mujeres respecto a hombres,2016,79.3
344,Hostelería,Cociente mujeres respecto a hombres,2015,79.8
345,Hostelería,Cociente mujeres respecto a hombres,2014,80.1
346,Hostelería,Cociente mujeres respecto a hombres,2013,80.6
347,Hostelería,Cociente mujeres respecto a hombres,2012,81.8
348,Hostelería,Cociente mujeres respecto a hombres,2011,78.0
349,Hostelería,Cociente mujeres respecto a hombres,2010,75.9
350,Hostelería,Cociente mujeres respecto a hombres,2009,78.5
351,Información y comunicaciones,Mujeres,2021,33225.6
352,Información y comunicaciones,Mujeres,2020,32227.7
353,Información y comunicaciones,Mujeres,2019,30898.6
354,Información y comunicaciones,Mujeres,2018,29099.5
355,Información y comunicaciones,Mujeres,2017,30015.5
356,Información y comunicaciones,Mujeres,2016,28834.5
357,Información y comunicaciones,Mujeres,2015,28935.7
358,Información y comunicaciones,Mujeres,2014,29224.0
359,Información y comunicaciones,Mujeres,2013,28651.3
360,Información y comunicaciones,Mujeres,2012,28166.3
361,Información y comunicaciones,Mujeres,2011,28464.3
362,Información y comunicaciones,Mujeres,2010,28610.1
363,Información y comunicaciones,Mujeres,2009,26716.3
364,Información y comunicaciones,Hombres,2021,38514.2
365,Información y comunicaciones,Hombres,2020,37580.5
366,Información y comunicaciones,Hombres,2019,36746.4
367,Información y comunicaciones,Hombres,2018,35411.2
368,Información y comunicaciones,Hombres,2017,35768.8
369,Información y comunicaciones,Hombres,2016,34475.1
370,Información y comunicaciones,Hombres,2015,35417.9
371,Información y comunicaciones,Hombres,2014,34740.6
372,Información y comunicaciones,Hombres,2013,35756.3
373,Información y comunicaciones,Hombres,2012,35196.0
374,Información y comunicaciones,Hombres,2011,34990.9
375,Información y comunicaciones,Hombres,2010,34727.0
376,Información y comunicaciones,Hombres,2009,34513.4
377,Información y comunicaciones,Cociente mujeres respecto a hombres,2021,86.3
378,Información y comunicaciones,Cociente mujeres respecto a hombres,2020,85.8
379,Información y comunicaciones,Cociente mujeres respecto a hombres,2019,84.1
380,Información y comunicaciones,Cociente mujeres respecto a hombres,2018,82.2
381,Información y comunicaciones,Cociente mujeres respecto a hombres,2017,83.9
382,Información y comunicaciones,Cociente mujeres respecto a hombres,2016,83.6
383,Información y comunicaciones,Cociente mujeres respecto a hombres,2015,81.7
384,Información y comunicaciones,Cociente mujeres respecto a hombres,2014,84.1
385,Información y comunicaciones,Cociente mujeres respecto a hombres,2013,80.1
386,Información y comunicaciones,Cociente mujeres respecto a hombres,2012,80.0
387,Información y comunicaciones,Cociente mujeres respecto a hombres,2011,81.3
388,Información y comunicaciones,Cociente mujeres respecto a hombres,2010,82.4
389,Información y comunicaciones,Cociente mujeres respecto a hombres,2009,77.4
390,Industria manufacturera,Mujeres,2021,24456.8
391,Industria manufacturera,Mujeres,2020,23765.8
392,Industria manufacturera,Mujeres,2019,23339.3
393,Industria manufacturera,Mujeres,2018,23091.8
394,Industria manufacturera,Mujeres,2017,22857.8
395,Industria manufacturera,Mujeres,2016,22261.9
396,Industria manufacturera,Mujeres,2015,22001.0
397,Industria manufacturera,Mujeres,2014,21923.1
398,Industria manufacturera,Mujeres,2013,21464.9
399,Industria manufacturera,Mujeres,2012,20975.2
400,Industria manufacturera,Mujeres,2011,20683.0
401,Industria manufacturera,Mujeres,2010,20584.2
402,Industria manufacturera,Mujeres,2009,19728.0
403,Industria manufacturera,Hombres,2021,30102.3
404,Industria manufacturera,Hombres,2020,29383.7
405,Industria manufacturera,Hombres,2019,29188.9
406,Industria manufacturera,Hombres,2018,29288.3
407,Industria manufacturera,Hombres,2017,28741.2
408,Industria manufacturera,Hombres,2016,28256.2
409,Industria manufacturera,Hombres,2015,28129.9
410,Industria manufacturera,Hombres,2014,28086.9
411,Industria manufacturera,Hombres,2013,27657.9
412,Industria manufacturera,Hombres,2012,27110.1
413,Industria manufacturera,Hombres,2011,26923.0
414,Industria manufacturera,Hombres,2010,26355.2
415,Industria manufacturera,Hombres,2009,25341.9
416,Industria manufacturera,Cociente mujeres respecto a hombres,2021,81.2
417,Industria manufacturera,Cociente mujeres respecto a hombres,2020,80.9
418,Industria manufacturera,Cociente mujeres respecto a hombres,2019,80.0
419,Industria manufacturera,Cociente mujeres respecto a hombres,2018,78.8
420,Industria manufacturera,Cociente mujeres respecto a hombres,2017,79.5
421,Industria manufacturera,Cociente mujeres respecto a hombres,2016,78.8
422,Industria manufacturera,Cociente mujeres respecto a hombres,2015,78.2
423,Industria manufacturera,Cociente mujeres respecto a hombres,2014,78.0
424,Industria manufacturera,Cociente mujeres respecto a hombres,2013,77.6
425,Industria manufacturera,Cociente mujeres respecto a hombres,2012,77.4
426,Industria manufacturera,Cociente mujeres respecto a hombres,2011,76.8
427,Industria manufacturera,Cociente mujeres respecto a hombres,2010,78.1
428,Industria manufacturera,Cociente mujeres respecto a hombres,2009,77.8
429,"Actividades artísticas, recreativas y de entretenimiento",Mujeres,2021,16753.6
430,"Actividades artísticas, recreativas y de entretenimiento",Mujeres,2020,16822.4
431,"Actividades artísticas, recreativas y de entretenimiento",Mujeres,2019,16253.1
432,"Actividades artísticas, recreativas y de entretenimiento",Mujeres,2018,16365.6
433,"Actividades artísticas, recreativas y de entretenimiento",Mujeres,2017,15526.4
434,"Actividades artísticas, recreativas y de entretenimiento",Mujeres,2016,15209.4
435,"Actividades artísticas, recreativas y de entretenimiento",Mujeres,2015,14741.5
436,"Actividades artísticas, recreativas y de entretenimiento",Mujeres,2014,13824.2
437,"Actividades artísticas, recreativas y de entretenimiento",Mujeres,2013,15960.8
438,"Actividades artísticas, recreativas y de entretenimiento",Mujeres,2012,14784.5
439,"Actividades artísticas, recreativas y de entretenimiento",Mujeres,2011,15840.5
440,"Actividades artísticas, recreativas y de entretenimiento",Mujeres,2010,15131.2
441,"Actividades artísticas, recreativas y de entretenimiento",Mujeres,2009,15058.3
442,"Actividades artísticas, recreativas y de entretenimiento",Hombres,2021,19600.5
443,"Actividades artísticas, recreativas y de entretenimiento",Hombres,2020,19934.5
444,"Actividades artísticas, recreativas y de entretenimiento",Hombres,2019,19402.4
445,"Actividades artísticas, recreativas y de entretenimiento",Hombres,2018,20139.6
446,"Actividades artísticas, recreativas y de entretenimiento",Hombres,2017,19406.7
447,"Actividades artísticas, recreativas y de entretenimiento",Hombres,2016,19367.3
448,"Actividades artísticas, recreativas y de entretenimiento",Hombres,2015,19571.4
449,"Actividades artísticas, recreativas y de entretenimiento",Hombres,2014,19512.3
450,"Actividades artísticas, recreativas y de entretenimiento",Hombres,2013,19938.5
451,"Actividades artísticas, recreativas y de entretenimiento",Hombres,2012,19139.2
452,"Actividades artísticas, recreativas y de entretenimiento",Hombres,2011,19872.8
453,"Actividades artísticas, recreativas y de entretenimiento",Hombres,2010,20345.1
454,"Actividades artísticas, recreativas y de entretenimiento",Hombres,2009,18371.5
455,"Actividades artísticas, recreativas y de entretenimiento",Cociente mujeres respecto a hombres,2021,85.5
456,"Actividades artísticas, recreativas y de entretenimiento",Cociente mujeres respecto a hombres,2020,84.4
457,"Actividades artísticas, recreativas y de entretenimiento",Cociente mujeres respecto a hombres,2019,83.8
458,"Actividades artísticas, recreativas y de entretenimiento",Cociente mujeres respecto a hombres,2018,81.3
459,"Actividades artísticas, recreativas y de entretenimiento",Cociente mujeres respecto a hombres,2017,80.0
460,"Actividades artísticas, recreativas y de entretenimiento",Cociente mujeres respecto a hombres,2016,78.5
461,"Actividades artísticas, recreativas y de entretenimiento",Cociente mujeres respecto a hombres,2015,75.3
462,"Actividades artísticas, recreativas y de entretenimiento",Cociente mujeres respecto a hombres,2014,70.8
463,"Actividades artísticas, recreativas y de entretenimiento",Cociente mujeres respecto a hombres,2013,80.0
464,"Actividades artísticas, recreativas y de entretenimiento",Cociente mujeres respecto a hombres,2012,77.2
465,"Actividades artísticas, recreativas y de entretenimiento",Cociente mujeres respecto a hombres,2011,79.7
466,"Actividades artísticas, recreativas y de entretenimiento",Cociente mujeres respecto a hombres,2010,74.4
467,"Actividades artísticas, recreativas y de entretenimiento",Cociente mujeres respecto a hombres,2009,82.0
468,Actividades financieras y de seguros,Mujeres,2021,40990.2
469,Actividades financieras y de seguros,Mujeres,2020,40159.8
470,Actividades financieras y de seguros,Mujeres,2019,39100.5
471,Actividades financieras y de seguros,Mujeres,2018,39662.4
472,Actividades financieras y de seguros,Mujeres,2017,38521.1
473,Actividades financieras y de seguros,Mujeres,2016,36939.6
474,Actividades financieras y de seguros,Mujeres,2015,36455.8
475,Actividades financieras y de seguros,Mujeres,2014,35829.2
476,Actividades financieras y de seguros,Mujeres,2013,33941.6
477,Actividades financieras y de seguros,Mujeres,2012,36421.0
478,Actividades financieras y de seguros,Mujeres,2011,35428.2
479,Actividades financieras y de seguros,Mujeres,2010,35922.4
480,Actividades financieras y de seguros,Mujeres,2009,34772.5
481,Actividades financieras y de seguros,Hombres,2021,52714.9
482,Actividades financieras y de seguros,Hombres,2020,52920.8
483,Actividades financieras y de seguros,Hombres,2019,50830.7
484,Actividades financieras y de seguros,Hombres,2018,51843.1
485,Actividades financieras y de seguros,Hombres,2017,50049.2
486,Actividades financieras y de seguros,Hombres,2016,49257.6
487,Actividades financieras y de seguros,Hombres,2015,47533.7
488,Actividades financieras y de seguros,Hombres,2014,46260.7
489,Actividades financieras y de seguros,Hombres,2013,45963.6
490,Actividades financieras y de seguros,Hombres,2012,47464.8
491,Actividades financieras y de seguros,Hombres,2011,46858.5
492,Actividades financieras y de seguros,Hombres,2010,47081.2
493,Actividades financieras y de seguros,Hombres,2009,48054.7
494,Actividades financieras y de seguros,Cociente mujeres respecto a hombres,2021,77.8
495,Actividades financieras y de seguros,Cociente mujeres respecto a hombres,2020,75.9
496,Actividades financieras y de seguros,Cociente mujeres respecto a hombres,2019,76.9
497,Actividades financieras y de seguros,Cociente mujeres respecto a hombres,2018,76.5
498,Actividades financieras y de seguros,Cociente mujeres respecto a hombres,2017,77.0
499,Actividades financieras y de seguros,Cociente mujeres respecto a hombres,2016,75.0
500,Actividades financieras y de seguros,Cociente mujeres respecto a hombres,2015,76.7
501,Actividades financieras y de seguros,Cociente mujeres respecto a hombres,2014,77.5
502,Actividades financieras y de seguros,Cociente mujeres respecto a hombres,2013,73.8
503,Actividades financieras y de seguros,Cociente mujeres respecto a hombres,2012,76.7
504,Actividades financieras y de seguros,Cociente mujeres respecto a hombres,2011,75.6
505,Actividades financieras y de seguros,Cociente mujeres respecto a hombres,2010,76.3
506,Actividades financieras y de seguros,Cociente mujeres respecto a hombres,2009,72.4
507,Actividades inmobiliarias,Mujeres,2021,21787.7
508,Actividades inmobiliarias,Mujeres,2020,20142.4
509,Actividades inmobiliarias,Mujeres,2019,19981.8
510,Actividades inmobiliarias,Mujeres,2018,18744.3
511,Actividades inmobiliarias,Mujeres,2017,18488.3
512,Actividades inmobiliarias,Mujeres,2016,17809.1
513,Actividades inmobiliarias,Mujeres,2015,17330.1
514,Actividades inmobiliarias,Mujeres,2014,17775.6
515,Actividades inmobiliarias,Mujeres,2013,16700.5
516,Actividades inmobiliarias,Mujeres,2012,17538.3
517,Actividades inmobiliarias,Mujeres,2011,17988.2
518,Actividades inmobiliarias,Mujeres,2010,17089.8
519,Actividades inmobiliarias,Mujeres,2009,17103.6
520,Actividades inmobiliarias,Hombres,2021,29121.0
521,Actividades inmobiliarias,Hombres,2020,28191.0
522,Actividades inmobiliarias,Hombres,2019,28297.0
523,Actividades inmobiliarias,Hombres,2018,25083.5
524,Actividades inmobiliarias,Hombres,2017,25392.8
525,Actividades inmobiliarias,Hombres,2016,25172.7
526,Actividades inmobiliarias,Hombres,2015,25763.3
527,Actividades inmobiliarias,Hombres,2014,24909.2
528,Actividades inmobiliarias,Hombres,2013,22821.1
529,Actividades inmobiliarias,Hombres,2012,23419.1
530,Actividades inmobiliarias,Hombres,2011,24150.0
531,Actividades inmobiliarias,Hombres,2010,23993.3
532,Actividades inmobiliarias,Hombres,2009,24134.7
533,Actividades inmobiliarias,Cociente mujeres respecto a hombres,2021,74.8
534,Actividades inmobiliarias,Cociente mujeres respecto a hombres,2020,71.4
535,Actividades inmobiliarias,Cociente mujeres respecto a hombres,2019,70.6
536,Actividades inmobiliarias,Cociente mujeres respecto a hombres,2018,74.7
537,Actividades inmobiliarias,Cociente mujeres respecto a hombres,2017,72.8
538,Actividades inmobiliarias,Cociente mujeres respecto a hombres,2016,70.7
539,Actividades inmobiliarias,Cociente mujeres respecto a hombres,2015,67.3
540,Actividades inmobiliarias,Cociente mujeres respecto a hombres,2014,71.4
541,Actividades inmobiliarias,Cociente mujeres respecto a hombres,2013,73.2
542,Actividades inmobiliarias,Cociente mujeres respecto a hombres,2012,74.9
543,Actividades inmobiliarias,Cociente mujeres respecto a hombres,2011,74.5
544,Actividades inmobiliarias,Cociente mujeres respecto a hombres,2010,71.2
545,Actividades inmobiliarias,Cociente mujeres respecto a hombres,2009,70.9
546,"Comercio al por mayor y al por menor, reparación de vehículos de motor y motocicletas",Mujeres,2021,19026.1
547,"Comercio al por mayor y al por menor, reparación de vehículos de motor y motocicletas",Mujeres,2020,18243.6
548,"Comercio al por mayor y al por menor, reparación de vehículos de motor y motocicletas",Mujeres,2019,17981.8
549,"Comercio al por mayor y al por menor, reparación de vehículos de motor y motocicletas",Mujeres,2018,17741.2
550,"Comercio al por mayor y al por menor, reparación de vehículos de motor y motocicletas",Mujeres,2017,17377.7
551,"Comercio al por mayor y al por menor, reparación de vehículos de motor y motocicletas",Mujeres,2016,16726.5
552,"Comercio al por mayor y al por menor, reparación de vehículos de motor y motocicletas",Mujeres,2015,16481.3
553,"Comercio al por mayor y al por menor, reparación de vehículos de motor y motocicletas",Mujeres,2014,16529.0
554,"Comercio al por mayor y al por menor, reparación de vehículos de motor y motocicletas",Mujeres,2013,16297.1
555,"Comercio al por mayor y al por menor, reparación de vehículos de motor y motocicletas",Mujeres,2012,16446.7
556,"Comercio al por mayor y al por menor, reparación de vehículos de motor y motocicletas",Mujeres,2011,16140.7
557,"Comercio al por mayor y al por menor, reparación de vehículos de motor y motocicletas",Mujeres,2010,15964.0
558,"Comercio al por mayor y al por menor, reparación de vehículos de motor y motocicletas",Mujeres,2009,16074.2
559,"Comercio al por mayor y al por menor, reparación de vehículos de motor y motocicletas",Hombres,2021,25298.0
560,"Comercio al por mayor y al por menor, reparación de vehículos de motor y motocicletas",Hombres,2020,24411.9
561,"Comercio al por mayor y al por menor, reparación de vehículos de motor y motocicletas",Hombres,2019,24237.9
562,"Comercio al por mayor y al por menor, reparación de vehículos de motor y motocicletas",Hombres,2018,24277.2
563,"Comercio al por mayor y al por menor, reparación de vehículos de motor y motocicletas",Hombres,2017,23829.7
564,"Comercio al por mayor y al por menor, reparación de vehículos de motor y motocicletas",Hombres,2016,22826.0
565,"Comercio al por mayor y al por menor, reparación de vehículos de motor y motocicletas",Hombres,2015,22903.7
566,"Comercio al por mayor y al por menor, reparación de vehículos de motor y motocicletas",Hombres,2014,22987.9
567,"Comercio al por mayor y al por menor, reparación de vehículos de motor y motocicletas",Hombres,2013,22043.8
568,"Comercio al por mayor y al por menor, reparación de vehículos de motor y motocicletas",Hombres,2012,22702.3
569,"Comercio al por mayor y al por menor, reparación de vehículos de motor y motocicletas",Hombres,2011,22924.3
570,"Comercio al por mayor y al por menor, reparación de vehículos de motor y motocicletas",Hombres,2010,22386.7
571,"Comercio al por mayor y al por menor, reparación de vehículos de motor y motocicletas",Hombres,2009,22843.1
572,"Comercio al por mayor y al por menor, reparación de vehículos de motor y motocicletas",Cociente mujeres respecto a hombres,2021,75.2
573,"Comercio al por mayor y al por menor, reparación de vehículos de motor y motocicletas",Cociente mujeres respecto a hombres,2020,74.7
574,"Comercio al por mayor y al por menor, reparación de vehículos de motor y motocicletas",Cociente mujeres respecto a hombres,2019,74.2
575,"Comercio al por mayor y al por menor, reparación de vehículos de motor y motocicletas",Cociente mujeres respecto a hombres,2018,73.1
576,"Comercio al por mayor y al por menor, reparación de vehículos de motor y motocicletas",Cociente mujeres respecto a hombres,2017,72.9
577,"Comercio al por mayor y al por menor, reparación de vehículos de motor y motocicletas",Cociente mujeres respecto a hombres,2016,73.3
578,"Comercio al por mayor y al por menor, reparación de vehículos de motor y motocicletas",Cociente mujeres respecto a hombres,2015,72.0
579,"Comercio al por mayor y al por menor, reparación de vehículos de motor y motocicletas",Cociente mujeres respecto a hombres,2014,71.9
580,"Comercio al por mayor y al por menor, reparación de vehículos de motor y motocicletas",Cociente mujeres respecto a hombres,2013,73.9
581,"Comercio al por mayor y al por menor, reparación de vehículos de motor y motocicletas",Cociente mujeres respecto a hombres,2012,72.4
582,"Comercio al por mayor y al por menor, reparación de vehículos de motor y motocicletas",Cociente mujeres respecto a hombres,2011,70.4
583,"Comercio al por mayor y al por menor, reparación de vehículos de motor y motocicletas",Cociente mujeres respecto a hombres,2010,71.3
584,"Comercio al por mayor y al por menor, reparación de vehículos de motor y motocicletas",Cociente mujeres respecto a hombres,2009,70.4
585,Actividades sanitarias y de servicios sociales,Mujeres,2021,26403.2
586,Actividades sanitarias y de servicios sociales,Mujeres,2020,25957.4
587,Actividades sanitarias y de servicios sociales,Mujeres,2019,25432.1
588,Actividades sanitarias y de servicios sociales,Mujeres,2018,24599.6
589,Actividades sanitarias y de servicios sociales,Mujeres,2017,23839.4
590,Actividades sanitarias y de servicios sociales,Mujeres,2016,23655.1
591,Actividades sanitarias y de servicios sociales,Mujeres,2015,23889.5
592,Actividades sanitarias y de servicios sociales,Mujeres,2014,22864.5
593,Actividades sanitarias y de servicios sociales,Mujeres,2013,22691.9
594,Actividades sanitarias y de servicios sociales,Mujeres,2012,22843.6
595,Actividades sanitarias y de servicios sociales,Mujeres,2011,23893.3
596,Actividades sanitarias y de servicios sociales,Mujeres,2010,24173.7
597,Actividades sanitarias y de servicios sociales,Mujeres,2009,23850.5
598,Actividades sanitarias y de servicios sociales,Hombres,2021,37270.2
599,Actividades sanitarias y de servicios sociales,Hombres,2020,36248.3
600,Actividades sanitarias y de servicios sociales,Hombres,2019,34771.2
601,Actividades sanitarias y de servicios sociales,Hombres,2018,34173.8
602,Actividades sanitarias y de servicios sociales,Hombres,2017,33735.1
603,Actividades sanitarias y de servicios sociales,Hombres,2016,33723.1
604,Actividades sanitarias y de servicios sociales,Hombres,2015,32830.9
605,Actividades sanitarias y de servicios sociales,Hombres,2014,30865.2
606,Actividades sanitarias y de servicios sociales,Hombres,2013,32175.9
607,Actividades sanitarias y de servicios sociales,Hombres,2012,32786.8
608,Actividades sanitarias y de servicios sociales,Hombres,2011,33198.3
609,Actividades sanitarias y de servicios sociales,Hombres,2010,33556.5
610,Actividades sanitarias y de servicios sociales,Hombres,2009,31757.1
611,Actividades sanitarias y de servicios sociales,Cociente mujeres respecto a hombres,2021,70.8
612,Actividades sanitarias y de servicios sociales,Cociente mujeres respecto a hombres,2020,71.6
613,Actividades sanitarias y de servicios sociales,Cociente mujeres respecto a hombres,2019,73.1
614,Actividades sanitarias y de servicios sociales,Cociente mujeres respecto a hombres,2018,72.0
615,Actividades sanitarias y de servicios sociales,Cociente mujeres respecto a hombres,2017,70.7
616,Actividades sanitarias y de servicios sociales,Cociente mujeres respecto a hombres,2016,70.1
617,Actividades sanitarias y de servicios sociales,Cociente mujeres respecto a hombres,2015,72.8
618,Actividades sanitarias y de servicios sociales,Cociente mujeres respecto a hombres,2014,74.1
619,Actividades sanitarias y de servicios sociales,Cociente mujeres respecto a hombres,2013,70.5
620,Actividades sanitarias y de servicios sociales,Cociente mujeres respecto a hombres,2012,69.7
621,Actividades sanitarias y de servicios sociales,Cociente mujeres respecto a hombres,2011,72.0
622,Actividades sanitarias y de servicios sociales,Cociente mujeres respecto a hombres,2010,72.0
623,Actividades sanitarias y de servicios sociales,Cociente mujeres respecto a hombres,2009,75.1
624,"Actividades profesionales, científicas y técnicas",Mujeres,2021,25741.8
625,"Actividades profesionales, científicas y técnicas",Mujeres,2020,24433.2
626,"Actividades profesionales, científicas y técnicas",Mujeres,2019,23592.7
627,"Actividades profesionales, científicas y técnicas",Mujeres,2018,23409.5
628,"Actividades profesionales, científicas y técnicas",Mujeres,2017,22709.0
629,"Actividades profesionales, científicas y técnicas",Mujeres,2016,21942.9
630,"Actividades profesionales, científicas y técnicas",Mujeres,2015,21980.6
631,"Actividades profesionales, científicas y técnicas",Mujeres,2014,21964.5
632,"Actividades profesionales, científicas y técnicas",Mujeres,2013,21226.6
633,"Actividades profesionales, científicas y técnicas",Mujeres,2012,20753.4
634,"Actividades profesionales, científicas y técnicas",Mujeres,2011,21158.0
635,"Actividades profesionales, científicas y técnicas",Mujeres,2010,21309.7
636,"Actividades profesionales, científicas y técnicas",Mujeres,2009,20598.9
637,"Actividades profesionales, científicas y técnicas",Hombres,2021,34926.2
638,"Actividades profesionales, científicas y técnicas",Hombres,2020,34161.9
639,"Actividades profesionales, científicas y técnicas",Hombres,2019,33541.1
640,"Actividades profesionales, científicas y técnicas",Hombres,2018,33778.3
641,"Actividades profesionales, científicas y técnicas",Hombres,2017,33020.5
642,"Actividades profesionales, científicas y técnicas",Hombres,2016,31967.2
643,"Actividades profesionales, científicas y técnicas",Hombres,2015,31586.3
644,"Actividades profesionales, científicas y técnicas",Hombres,2014,31673.3
645,"Actividades profesionales, científicas y técnicas",Hombres,2013,30643.5
646,"Actividades profesionales, científicas y técnicas",Hombres,2012,30381.5
647,"Actividades profesionales, científicas y técnicas",Hombres,2011,30460.8
648,"Actividades profesionales, científicas y técnicas",Hombres,2010,30649.2
649,"Actividades profesionales, científicas y técnicas",Hombres,2009,31325.3
650,"Actividades profesionales, científicas y técnicas",Cociente mujeres respecto a hombres,2021,73.7
651,"Actividades profesionales, científicas y técnicas",Cociente mujeres respecto a hombres,2020,71.5
652,"Actividades profesionales, científicas y técnicas",Cociente mujeres respecto a hombres,2019,70.3
653,"Actividades profesionales, científicas y técnicas",Cociente mujeres respecto a hombres,2018,69.3
654,"Actividades profesionales, científicas y técnicas",Cociente mujeres respecto a hombres,2017,68.8
655,"Actividades profesionales, científicas y técnicas",Cociente mujeres respecto a hombres,2016,68.6
656,"Actividades profesionales, científicas y técnicas",Cociente mujeres respecto a hombres,2015,69.6
657,"Actividades profesionales, científicas y técnicas",Cociente mujeres respecto a hombres,2014,69.3
658,"Actividades profesionales, científicas y técnicas",Cociente mujeres respecto a hombres,2013,69.3
659,"Actividades profesionales, científicas y técnicas",Cociente mujeres respecto a hombres,2012,68.3
660,"Actividades profesionales, científicas y técnicas",Cociente mujeres respecto a hombres,2011,69.5
661,"Actividades profesionales, científicas y técnicas",Cociente mujeres respecto a hombres,2010,69.5
662,"Actividades profesionales, científicas y técnicas",Cociente mujeres respecto a hombres,2009,65.8
663,Actividades administrativas y servicios auxiliares,Mujeres,2021,15248.4
664,Actividades administrativas y servicios auxiliares,Mujeres,2020,14835.7
665,Actividades administrativas y servicios auxiliares,Mujeres,2019,14322.4
666,Actividades administrativas y servicios auxiliares,Mujeres,2018,14101.2
667,Actividades administrativas y servicios auxiliares,Mujeres,2017,13604.1
668,Actividades administrativas y servicios auxiliares,Mujeres,2016,13309.5
669,Actividades administrativas y servicios auxiliares,Mujeres,2015,13085.1
670,Actividades administrativas y servicios auxiliares,Mujeres,2014,12922.0
671,Actividades administrativas y servicios auxiliares,Mujeres,2013,13028.7
672,Actividades administrativas y servicios auxiliares,Mujeres,2012,13273.9
673,Actividades administrativas y servicios auxiliares,Mujeres,2011,13246.2
674,Actividades administrativas y servicios auxiliares,Mujeres,2010,12864.9
675,Actividades administrativas y servicios auxiliares,Mujeres,2009,13056.1
676,Actividades administrativas y servicios auxiliares,Hombres,2021,21648.6
677,Actividades administrativas y servicios auxiliares,Hombres,2020,21522.8
678,Actividades administrativas y servicios auxiliares,Hombres,2019,20661.1
679,Actividades administrativas y servicios auxiliares,Hombres,2018,20793.9
680,Actividades administrativas y servicios auxiliares,Hombres,2017,20174.9
681,Actividades administrativas y servicios auxiliares,Hombres,2016,19749.5
682,Actividades administrativas y servicios auxiliares,Hombres,2015,19823.5
683,Actividades administrativas y servicios auxiliares,Hombres,2014,19623.3
684,Actividades administrativas y servicios auxiliares,Hombres,2013,19466.1
685,Actividades administrativas y servicios auxiliares,Hombres,2012,19875.2
686,Actividades administrativas y servicios auxiliares,Hombres,2011,19762.5
687,Actividades administrativas y servicios auxiliares,Hombres,2010,19705.2
688,Actividades administrativas y servicios auxiliares,Hombres,2009,19132.9
689,Actividades administrativas y servicios auxiliares,Cociente mujeres respecto a hombres,2021,70.4
690,Actividades administrativas y servicios auxiliares,Cociente mujeres respecto a hombres,2020,68.9
691,Actividades administrativas y servicios auxiliares,Cociente mujeres respecto a hombres,2019,69.3
692,Actividades administrativas y servicios auxiliares,Cociente mujeres respecto a hombres,2018,67.8
693,Actividades administrativas y servicios auxiliares,Cociente mujeres respecto a hombres,2017,67.4
694,Actividades administrativas y servicios auxiliares,Cociente mujeres respecto a hombres,2016,67.4
695,Actividades administrativas y servicios auxiliares,Cociente mujeres respecto a hombres,2015,66.0
696,Actividades administrativas y servicios auxiliares,Cociente mujeres respecto a hombres,2014,65.8
697,Actividades administrativas y servicios auxiliares,Cociente mujeres respecto a hombres,2013,66.9
698,Actividades administrativas y servicios auxiliares,Cociente mujeres respecto a hombres,2012,66.8
699,Actividades administrativas y servicios auxiliares,Cociente mujeres respecto a hombres,2011,67.0
700,Actividades administrativas y servicios auxiliares,Cociente mujeres respecto a hombres,2010,65.3
701,Actividades administrativas y servicios auxiliares,Cociente mujeres respecto a hombres,2009,68.2
702,Otros servicios,Mujeres,2021,16367.8
703,Otros servicios,Mujeres,2020,15319.6
704,Otros servicios,Mujeres,2019,14952.8
705,Otros servicios,Mujeres,2018,14266.9
706,Otros servicios,Mujeres,2017,14001.0
707,Otros servicios,Mujeres,2016,13687.6
708,Otros servicios,Mujeres,2015,13772.9
709,Otros servicios,Mujeres,2014,13960.9
710,Otros servicios,Mujeres,2013,14190.3
711,Otros servicios,Mujeres,2012,14254.3
712,Otros servicios,Mujeres,2011,14315.4
713,Otros servicios,Mujeres,2010,14040.6
714,Otros servicios,Mujeres,2009,13721.9
715,Otros servicios,Hombres,2021,21823.5
716,Otros servicios,Hombres,2020,21780.5
717,Otros servicios,Hombres,2019,21425.6
718,Otros servicios,Hombres,2018,20798.0
719,Otros servicios,Hombres,2017,20752.3
720,Otros servicios,Hombres,2016,20195.9
721,Otros servicios,Hombres,2015,20781.9
722,Otros servicios,Hombres,2014,21003.6
723,Otros servicios,Hombres,2013,21893.6
724,Otros servicios,Hombres,2012,22308.4
725,Otros servicios,Hombres,2011,22304.8
726,Otros servicios,Hombres,2010,21759.2
727,Otros servicios,Hombres,2009,20085.9
728,Otros servicios,Cociente mujeres respecto a hombres,2021,75.0
729,Otros servicios,Cociente mujeres respecto a hombres,2020,70.3
730,Otros servicios,Cociente mujeres respecto a hombres,2019,69.8
731,Otros servicios,Cociente mujeres respecto a hombres,2018,68.6
732,Otros servicios,Cociente mujeres respecto a hombres,2017,67.5
733,Otros servicios,Cociente mujeres respecto a hombres,2016,67.8
734,Otros servicios,Cociente mujeres respecto a hombres,2015,66.3
735,Otros servicios,Cociente mujeres respecto a hombres,2014,66.5
736,Otros servicios,Cociente mujeres respecto a hombres,2013,64.8
737,Otros servicios,Cociente mujeres respecto a hombres,2012,63.9
738,Otros servicios,Cociente mujeres respecto a hombres,2011,64.2
739,Otros servicios,Cociente mujeres respecto a hombres,2010,64.5
740,Otros servicios,Cociente mujeres respecto a hombres,2009,68.3
