Sectores de actividad económica;Sexo/Brecha de género;Periodo;Total
B_S Secciones B-S: Industria, construcción y servicios (excepto actividades de los hogares como empleadores y organizaciones extraterritoriales);Mujeres;2021;23.176,0
B_S Secciones B-S: Industria, construcción y servicios (excepto actividades de los hogares como empleadores y organizaciones extraterritoriales);Mujeres;2020;22.467,5
B_S Secciones B-S: Industria, construcción y servicios (excepto actividades de los hogares como empleadores y organizaciones extraterritoriales);Mujeres;2019;21.682,0
B_S Secciones B-S: Industria, construcción y servicios (excepto actividades de los hogares como empleadores y organizaciones extraterritoriales);Mujeres;2018;21.011,9
B_S Secciones B-S: Industria, construcción y servicios (excepto actividades de los hogares como empleadores y organizaciones extraterritoriales);Mujeres;2017;20.607,8
B_S Secciones B-S: Industria, construcción y servicios (excepto actividades de los hogares como empleadores y organizaciones extraterritoriales);Mujeres;2016;20.131,4
B_S Secciones B-S: Industria, construcción y servicios (excepto actividades de los hogares como empleadores y organizaciones extraterritoriales);Mujeres;2015;20.051,6
B_S Secciones B-S: Industria, construcción y servicios (excepto actividades de los hogares como empleadores y organizaciones extraterritoriales);Mujeres;2014;19.744,8
B_S Secciones B-S: Industria, construcción y servicios (excepto actividades de los hogares como empleadores y organizaciones extraterritoriales);Mujeres;2013;19.514,6
B_S Secciones B-S: Industria, construcción y servicios (excepto actividades de los hogares como empleadores y organizaciones extraterritoriales);Mujeres;2012;19.537,3
B_S Secciones B-S: Industria, construcción y servicios (excepto actividades de los hogares como empleadores y organizaciones extraterritoriales);Mujeres;2011;19.767,6
B_S Secciones B-S: Industria, construcción y servicios (excepto actividades de los hogares como empleadores y organizaciones extraterritoriales);Mujeres;2010;19.735,2
B_S Secciones B-S: Industria, construcción y servicios (excepto actividades de los hogares como empleadores y organizaciones extraterritoriales);Mujeres;2009;19.502,0
B_S Secciones B-S: Industria, construcción y servicios (excepto actividades de los hogares como empleadores y organizaciones extraterritoriales);Hombres;2021;28.388,7
B_S Secciones B-S: Industria, construcción y servicios (excepto actividades de los hogares como empleadores y organizaciones extraterritoriales);Hombres;2020;27.642,5
B_S Secciones B-S: Industria, construcción y servicios (excepto actividades de los hogares como empleadores y organizaciones extraterritoriales);Hombres;2019;26.934,4
B_S Secciones B-S: Industria, construcción y servicios (excepto actividades de los hogares como empleadores y organizaciones extraterritoriales);Hombres;2018;26.738,2
B_S Secciones B-S: Industria, construcción y servicios (excepto actividades de los hogares como empleadores y organizaciones extraterritoriales);Hombres;2017;26.391,8
B_S Secciones B-S: Industria, construcción y servicios (excepto actividades de los hogares como empleadores y organizaciones extraterritoriales);Hombres;2016;25.924,4
B_S Secciones B-S: Industria, construcción y servicios (excepto actividades de los hogares como empleadores y organizaciones extraterritoriales);Hombres;2015;25.992,8
B_S Secciones B-S: Industria, construcción y servicios (excepto actividades de los hogares como empleadores y organizaciones extraterritoriales);Hombres;2014;25.727,2
B_S Secciones B-S: Industria, construcción y servicios (excepto actividades de los hogares como empleadores y organizaciones extraterritoriales);Hombres;2013;25.675,2
B_S Secciones B-S: Industria, construcción y servicios (excepto actividades de los hogares como empleadores y organizaciones extraterritoriales);Hombres;2012;25.682,0
B_S Secciones B-S: Industria, construcción y servicios (excepto actividades de los hogares como empleadores y organizaciones extraterritoriales);Hombres;2011;25.667,9
B_S Secciones B-S: Industria, construcción y servicios (excepto actividades de los hogares como empleadores y organizaciones extraterritoriales);Hombres;2010;25.479,7
B_S Secciones B-S: Industria, construcción y servicios (excepto actividades de los hogares como empleadores y organizaciones extraterritoriales);Hombres;2009;25.001,0
B_S Secciones B-S: Industria, construcción y servicios (excepto actividades de los hogares como empleadores y organizaciones extraterritoriales);Cociente mujeres respecto a hombres;2021;81,6
B_S Secciones B-S: Industria, construcción y servicios (excepto actividades de los hogares como empleadores y organizaciones extraterritoriales);Cociente mujeres respecto a hombres;2020;81,3
B_S Secciones B-S: Industria, construcción y servicios (excepto actividades de los hogares como empleadores y organizaciones extraterritoriales);Cociente mujeres respecto a hombres;2019;80,5
B_S Secciones B-S: Industria, construcción y servicios (excepto actividades de los hogares como empleadores y organizaciones extraterritoriales);Cociente mujeres respecto a hombres;2018;78,6
B_S Secciones B-S: Industria, construcción y servicios (excepto actividades de los hogares como empleadores y organizaciones extraterritoriales);Cociente mujeres respecto a hombres;2017;78,1
B_S Secciones B-S: Industria, construcción y servicios (excepto actividades de los hogares como empleadores y organizaciones extraterritoriales);Cociente mujeres respecto a hombres;2016;77,7
B_S Secciones B-S: Industria, construcción y servicios (excepto actividades de los hogares como empleadores y organizaciones extraterritoriales);Cociente mujeres respecto a hombres;2015;77,1
B_S Secciones B-S: Industria, construcción y servicios (excepto actividades de los hogares como empleadores y organizaciones extraterritoriales);Cociente mujeres respecto a hombres;2014;76,7
B_S Secciones B-S: Industria, construcción y servicios (excepto actividades de los hogares como empleadores y organizaciones extraterritoriales);Cociente mujeres respecto a hombres;2013;76,0
B_S Secciones B-S: Industria, construcción y servicios (excepto actividades de los hogares como empleadores y organizaciones extraterritoriales);Cociente mujeres respecto a hombres;2012;76,1
B_S Secciones B-S: Industria, construcción y servicios (excepto actividades de los hogares como empleadores y organizaciones extraterritoriales);Cociente mujeres respecto a hombres;2011;77,0
B_S Secciones B-S: Industria, construcción y servicios (excepto actividades de los hogares como empleadores y organizaciones extraterritoriales);Cociente mujeres respecto a hombres;2010;77,5
B_S Secciones B-S: Industria, construcción y servicios (excepto actividades de los hogares como empleadores y organizaciones extraterritoriales);Cociente mujeres respecto a hombres;2009;78,0
F Construcción;Mujeres;2021;22.640,2
F Construcción;Mujeres;2020;21.188,0
F Construcción;Mujeres;2019;21.388,8
F Construcción;Mujeres;2018;21.919,0
F Construcción;Mujeres;2017;20.588,7
F Construcción;Mujeres;2016;20.361,7
F Construcción;Mujeres;2015;20.060,5
F Construcción;Mujeres;2014;21.483,2
F Construcción;Mujeres;2013;20.636,2
F Construcción;Mujeres;2012;21.441,7
F Construcción;Mujeres;2011;21.029,7
F Construcción;Mujeres;2010;20.189,8
F Construcción;Mujeres;2009;20.011,5
F Construcción;Hombres;2021;24.362,0
F Construcción;Hombres;2020;23.402,3
F Construcción;Hombres;2019;22.997,4
F Construcción;Hombres;2018;23.118,3
F Construcción;Hombres;2017;22.927,3
F Construcción;Hombres;2016;22.460,9
F Construcción;Hombres;2015;23.113,9
F Construcción;Hombres;2014;22.783,0
F Construcción;Hombres;2013;23.067,2
F Construcción;Hombres;2012;22.911,0
F Construcción;Hombres;2011;22.784,0
F Construcción;Hombres;2010;22.239,8
F Construcción;Hombres;2009;22.067,2
F Construcción;Cociente mujeres respecto a hombres;2021;92,9
F Construcción;Cociente mujeres respecto a hombres;2020;90,5
F Construcción;Cociente mujeres respecto a hombres;2019;93,0
F Construcción;Cociente mujeres respecto a hombres;2018;94,8
F Construcción;Cociente mujeres respecto a hombres;2017;89,8
F Construcción;Cociente mujeres respecto a hombres;2016;90,7
F Construcción;Cociente mujeres respecto a hombres;2015;86,8
F Construcción;Cociente mujeres respecto a hombres;2014;94,3
F Construcción;Cociente mujeres respecto a hombres;2013;89,5
F Construcción;Cociente mujeres respecto a hombres;2012;93,6
F Construcción;Cociente mujeres respecto a hombres;2011;92,3
F Construcción;Cociente mujeres respecto a hombres;2010;90,8
F Construcción;Cociente mujeres respecto a hombres;2009;90,7
B Industrias extractivas;Mujeres;2021;-41.919,9
B Industrias extractivas;Mujeres;2020;-40.804,1
B Industrias extractivas;Mujeres;2019;-39.732,3
B Industrias extractivas;Mujeres;2018;-38.900,7
B Industrias extractivas;Mujeres;2017;-35.259,1
B Industrias extractivas;Mujeres;2016;-35.133,4
B Industrias extractivas;Mujeres;2015;-36.885,7
B Industrias extractivas;Mujeres;2014;-38.303,3
B Industrias extractivas;Mujeres;2013;-29.485,4
B Industrias extractivas;Mujeres;2012;-27.562,2
B Industrias extractivas;Mujeres;2011;-25.943,5
B Industrias extractivas;Mujeres;2010;-24.728,1
B Industrias extractivas;Mujeres;2009;-26.213,1
B Industrias extractivas;Hombres;2021;33.558,0
B Industrias extractivas;Hombres;2020;33.198,8
B Industrias extractivas;Hombres;2019;33.116,7
B Industrias extractivas;Hombres;2018;33.095,4
B Industrias extractivas;Hombres;2017;32.127,5
B Industrias extractivas;Hombres;2016;31.968,7
B Industrias extractivas;Hombres;2015;31.770,9
B Industrias extractivas;Hombres;2014;32.130,1
B Industrias extractivas;Hombres;2013;31.714,8
B Industrias extractivas;Hombres;2012;30.628,5
B Industrias extractivas;Hombres;2011;29.602,1
B Industrias extractivas;Hombres;2010;28.713,2
B Industrias extractivas;Hombres;2009;27.123,0
B Industrias extractivas;Cociente mujeres respecto a hombres;2021;-124,9
B Industrias extractivas;Cociente mujeres respecto a hombres;2020;-122,9
B Industrias extractivas;Cociente mujeres respecto a hombres;2019;-120,0
B Industrias extractivas;Cociente mujeres respecto a hombres;2018;-117,5
B Industrias extractivas;Cociente mujeres respecto a hombres;2017;-109,7
B Industrias extractivas;Cociente mujeres respecto a hombres;2016;-109,9
B Industrias extractivas;Cociente mujeres respecto a hombres;2015;-116,1
B Industrias extractivas;Cociente mujeres respecto a hombres;2014;-119,2
B Industrias extractivas;Cociente mujeres respecto a hombres;2013;-93,0
B Industrias extractivas;Cociente mujeres respecto a hombres;2012;-90,0
B Industrias extractivas;Cociente mujeres respecto a hombres;2011;-87,6
B Industrias extractivas;Cociente mujeres respecto a hombres;2010;-86,1
B Industrias extractivas;Cociente mujeres respecto a hombres;2009;-96,6
H Transporte y almacenamiento;Mujeres;2021;24.286,3
H Transporte y almacenamiento;Mujeres;2020;24.083,0
H Transporte y almacenamiento;Mujeres;2019;22.868,3
H Transporte y almacenamiento;Mujeres;2018;22.595,7
H Transporte y almacenamiento;Mujeres;2017;22.210,8
H Transporte y almacenamiento;Mujeres;2016;22.176,4
H Transporte y almacenamiento;Mujeres;2015;22.039,8
H Transporte y almacenamiento;Mujeres;2014;21.991,8
H Transporte y almacenamiento;Mujeres;2013;21.844,4
H Transporte y almacenamiento;Mujeres;2012;21.580,7
H Transporte y almacenamiento;Mujeres;2011;21.663,9
H Transporte y almacenamiento;Mujeres;2010;20.835,8
H Transporte y almacenamiento;Mujeres;2009;19.262,1
H Transporte y almacenamiento;Hombres;2021;25.939,1
H Transporte y almacenamiento;Hombres;2020;25.336,1
H Transporte y almacenamiento;Hombres;2019;24.852,6
H Transporte y almacenamiento;Hombres;2018;25.274,9
H Transporte y almacenamiento;Hombres;2017;24.618,8
H Transporte y almacenamiento;Hombres;2016;24.010,1
H Transporte y almacenamiento;Hombres;2015;24.497,5
H Transporte y almacenamiento;Hombres;2014;24.069,8
H Transporte y almacenamiento;Hombres;2013;24.022,7
H Transporte y almacenamiento;Hombres;2012;23.998,5
H Transporte y almacenamiento;Hombres;2011;23.821,0
H Transporte y almacenamiento;Hombres;2010;23.616,5
H Transporte y almacenamiento;Hombres;2009;23.073,9
H Transporte y almacenamiento;Cociente mujeres respecto a hombres;2021;93,6
H Transporte y almacenamiento;Cociente mujeres respecto a hombres;2020;95,0
H Transporte y almacenamiento;Cociente mujeres respecto a hombres;2019;92,0
H Transporte y almacenamiento;Cociente mujeres respecto a hombres;2018;89,4
H Transporte y almacenamiento;Cociente mujeres respecto a hombres;2017;90,2
H Transporte y almacenamiento;Cociente mujeres respecto a hombres;2016;92,4
H Transporte y almacenamiento;Cociente mujeres respecto a hombres;2015;90,0
H Transporte y almacenamiento;Cociente mujeres respecto a hombres;2014;91,4
H Transporte y almacenamiento;Cociente mujeres respecto a hombres;2013;90,9
H Transporte y almacenamiento;Cociente mujeres respecto a hombres;2012;89,9
H Transporte y almacenamiento;Cociente mujeres respecto a hombres;2011;90,9
H Transporte y almacenamiento;Cociente mujeres respecto a hombres;2010;88,2
H Transporte y almacenamiento;Cociente mujeres respecto a hombres;2009;83,5
P Educación;Mujeres;2021;27.453,6
P Educación;Mujeres;2020;26.349,5
P Educación;Mujeres;2019;25.221,0
P Educación;Mujeres;2018;23.225,8
P Educación;Mujeres;2017;22.784,0
P Educación;Mujeres;2016;21.622,5
P Educación;Mujeres;2015;20.981,6
P Educación;Mujeres;2014;20.347,9
P Educación;Mujeres;2013;20.974,8
P Educación;Mujeres;2012;20.700,5
P Educación;Mujeres;2011;20.797,8
P Educación;Mujeres;2010;20.872,4
P Educación;Mujeres;2009;21.459,5
P Educación;Hombres;2021;29.804,0
P Educación;Hombres;2020;28.469,5
P Educación;Hombres;2019;27.292,8
P Educación;Hombres;2018;24.532,4
P Educación;Hombres;2017;25.093,0
P Educación;Hombres;2016;23.663,0
P Educación;Hombres;2015;23.143,3
P Educación;Hombres;2014;22.079,3
P Educación;Hombres;2013;23.890,8
P Educación;Hombres;2012;23.477,5
P Educación;Hombres;2011;23.271,5
P Educación;Hombres;2010;23.453,7
P Educación;Hombres;2009;22.237,8
P Educación;Cociente mujeres respecto a hombres;2021;92,1
P Educación;Cociente mujeres respecto a hombres;2020;92,5
P Educación;Cociente mujeres respecto a hombres;2019;92,4
P Educación;Cociente mujeres respecto a hombres;2018;94,7
P Educación;Cociente mujeres respecto a hombres;2017;90,8
P Educación;Cociente mujeres respecto a hombres;2016;91,4
P Educación;Cociente mujeres respecto a hombres;2015;90,7
P Educación;Cociente mujeres respecto a hombres;2014;92,2
P Educación;Cociente mujeres respecto a hombres;2013;87,8
P Educación;Cociente mujeres respecto a hombres;2012;88,2
P Educación;Cociente mujeres respecto a hombres;2011;89,4
P Educación;Cociente mujeres respecto a hombres;2010;89,0
P Educación;Cociente mujeres respecto a hombres;2009;96,5
O Administración Pública y defensa, Seguridad Social obligatoria;Mujeres;2021;32.137,8
O Administración Pública y defensa, Seguridad Social obligatoria;Mujeres;2020;31.268,6
O Administración Pública y defensa, Seguridad Social obligatoria;Mujeres;2019;29.992,2
O Administración Pública y defensa, Seguridad Social obligatoria;Mujeres;2018;28.095,1
O Administración Pública y defensa, Seguridad Social obligatoria;Mujeres;2017;27.391,4
O Administración Pública y defensa, Seguridad Social obligatoria;Mujeres;2016;27.547,4
O Administración Pública y defensa, Seguridad Social obligatoria;Mujeres;2015;27.305,8
O Administración Pública y defensa, Seguridad Social obligatoria;Mujeres;2014;26.267,9
O Administración Pública y defensa, Seguridad Social obligatoria;Mujeres;2013;25.583,7
O Administración Pública y defensa, Seguridad Social obligatoria;Mujeres;2012;25.092,3
O Administración Pública y defensa, Seguridad Social obligatoria;Mujeres;2011;25.850,9
O Administración Pública y defensa, Seguridad Social obligatoria;Mujeres;2010;26.224,2
O Administración Pública y defensa, Seguridad Social obligatoria;Mujeres;2009;25.830,1
O Administración Pública y defensa, Seguridad Social obligatoria;Hombres;2021;35.908,2
O Administración Pública y defensa, Seguridad Social obligatoria;Hombres;2020;33.931,8
O Administración Pública y defensa, Seguridad Social obligatoria;Hombres;2019;32.213,1
O Administración Pública y defensa, Seguridad Social obligatoria;Hombres;2018;31.469,3
O Administración Pública y defensa, Seguridad Social obligatoria;Hombres;2017;30.582,0
O Administración Pública y defensa, Seguridad Social obligatoria;Hombres;2016;30.712,3
O Administración Pública y defensa, Seguridad Social obligatoria;Hombres;2015;29.828,0
O Administración Pública y defensa, Seguridad Social obligatoria;Hombres;2014;28.772,0
O Administración Pública y defensa, Seguridad Social obligatoria;Hombres;2013;29.827,3
O Administración Pública y defensa, Seguridad Social obligatoria;Hombres;2012;28.632,3
O Administración Pública y defensa, Seguridad Social obligatoria;Hombres;2011;29.877,6
O Administración Pública y defensa, Seguridad Social obligatoria;Hombres;2010;29.872,5
O Administración Pública y defensa, Seguridad Social obligatoria;Hombres;2009;29.382,3
O Administración Pública y defensa, Seguridad Social obligatoria;Cociente mujeres respecto a hombres;2021;89,5
O Administración Pública y defensa, Seguridad Social obligatoria;Cociente mujeres respecto a hombres;2020;92,2
O Administración Pública y defensa, Seguridad Social obligatoria;Cociente mujeres respecto a hombres;2019;93,1
O Administración Pública y defensa, Seguridad Social obligatoria;Cociente mujeres respecto a hombres;2018;89,3
O Administración Pública y defensa, Seguridad Social obligatoria;Cociente mujeres respecto a hombres;2017;89,6
O Administración Pública y defensa, Seguridad Social obligatoria;Cociente mujeres respecto a hombres;2016;89,7
O Administración Pública y defensa, Seguridad Social obligatoria;Cociente mujeres respecto a hombres;2015;91,5
O Administración Pública y defensa, Seguridad Social obligatoria;Cociente mujeres respecto a hombres;2014;91,3
O Administración Pública y defensa, Seguridad Social obligatoria;Cociente mujeres respecto a hombres;2013;85,8
O Administración Pública y defensa, Seguridad Social obligatoria;Cociente mujeres respecto a hombres;2012;87,6
O Administración Pública y defensa, Seguridad Social obligatoria;Cociente mujeres respecto a hombres;2011;86,5
O Administración Pública y defensa, Seguridad Social obligatoria;Cociente mujeres respecto a hombres;2010;87,8
O Administración Pública y defensa, Seguridad Social obligatoria;Cociente mujeres respecto a hombres;2009;87,9
E Suministro de agua, actividades de saneamiento, gestión de residuos y descontaminación;Mujeres;2021;26.520,1
E Suministro de agua, actividades de saneamiento, gestión de residuos y descontaminación;Mujeres;2020;25.020,3
E Suministro de agua, actividades de saneamiento, gestión de residuos y descontaminación;Mujeres;2019;24.622,3
E Suministro de agua, actividades de saneamiento, gestión de residuos y descontaminación;Mujeres;2018;24.302,8
E Suministro de agua, actividades de saneamiento, gestión de residuos y descontaminación;Mujeres;2017;24.010,7
E Suministro de agua, actividades de saneamiento, gestión de residuos y descontaminación;Mujeres;2016;23.184,6
E Suministro de agua, actividades de saneamiento, gestión de residuos y descontaminación;Mujeres;2015;22.616,2
E Suministro de agua, actividades de saneamiento, gestión de residuos y descontaminación;Mujeres;2014;22.345,5
E Suministro de agua, actividades de saneamiento, gestión de residuos y descontaminación;Mujeres;2013;21.693,7
E Suministro de agua, actividades de saneamiento, gestión de residuos y descontaminación;Mujeres;2012;21.670,9
E Suministro de agua, actividades de saneamiento, gestión de residuos y descontaminación;Mujeres;2011;21.065,6
E Suministro de agua, actividades de saneamiento, gestión de residuos y descontaminación;Mujeres;2010;20.981,8
E Suministro de agua, actividades de saneamiento, gestión de residuos y descontaminación;Mujeres;2009;19.280,2
E Suministro de agua, actividades de saneamiento, gestión de residuos y descontaminación;Hombres;2021;29.983,6
E Suministro de agua, actividades de saneamiento, gestión de residuos y descontaminación;Hombres;2020;28.548,1
E Suministro de agua, actividades de saneamiento, gestión de residuos y descontaminación;Hombres;2019;28.214,3
E Suministro de agua, actividades de saneamiento, gestión de residuos y descontaminación;Hombres;2018;28.074,8
E Suministro de agua, actividades de saneamiento, gestión de residuos y descontaminación;Hombres;2017;27.628,2
E Suministro de agua, actividades de saneamiento, gestión de residuos y descontaminación;Hombres;2016;27.154,2
E Suministro de agua, actividades de saneamiento, gestión de residuos y descontaminación;Hombres;2015;27.340,6
E Suministro de agua, actividades de saneamiento, gestión de residuos y descontaminación;Hombres;2014;26.846,4
E Suministro de agua, actividades de saneamiento, gestión de residuos y descontaminación;Hombres;2013;26.208,7
E Suministro de agua, actividades de saneamiento, gestión de residuos y descontaminación;Hombres;2012;26.070,2
E Suministro de agua, actividades de saneamiento, gestión de residuos y descontaminación;Hombres;2011;26.724,7
E Suministro de agua, actividades de saneamiento, gestión de residuos y descontaminación;Hombres;2010;26.020,4
E Suministro de agua, actividades de saneamiento, gestión de residuos y descontaminación;Hombres;2009;24.745,7
E Suministro de agua, actividades de saneamiento, gestión de residuos y descontaminación;Cociente mujeres respecto a hombres;2021;88,4
E Suministro de agua, actividades de saneamiento, gestión de residuos y descontaminación;Cociente mujeres respecto a hombres;2020;87,6
E Suministro de agua, actividades de saneamiento, gestión de residuos y descontaminación;Cociente mujeres respecto a hombres;2019;87,3
E Suministro de agua, actividades de saneamiento, gestión de residuos y descontaminación;Cociente mujeres respecto a hombres;2018;86,6
E Suministro de agua, actividades de saneamiento, gestión de residuos y descontaminación;Cociente mujeres respecto a hombres;2017;86,9
E Suministro de agua, actividades de saneamiento, gestión de residuos y descontaminación;Cociente mujeres respecto a hombres;2016;85,4
E Suministro de agua, actividades de saneamiento, gestión de residuos y descontaminación;Cociente mujeres respecto a hombres;2015;82,7
E Suministro de agua, actividades de saneamiento, gestión de residuos y descontaminación;Cociente mujeres respecto a hombres;2014;83,2
E Suministro de agua, actividades de saneamiento, gestión de residuos y descontaminación;Cociente mujeres respecto a hombres;2013;82,8
E Suministro de agua, actividades de saneamiento, gestión de residuos y descontaminación;Cociente mujeres respecto a hombres;2012;83,1
E Suministro de agua, actividades de saneamiento, gestión de residuos y descontaminación;Cociente mujeres respecto a hombres;2011;78,8
E Suministro de agua, actividades de saneamiento, gestión de residuos y descontaminación;Cociente mujeres respecto a hombres;2010;80,6
E Suministro de agua, actividades de saneamiento, gestión de residuos y descontaminación;Cociente mujeres respecto a hombres;2009;77,9
D Suministro de energía eléctrica, gas, vapor y aire acondicionado;Mujeres;2021;-45.462,9
D Suministro de energía eléctrica, gas, vapor y aire acondicionado;Mujeres;2020;-45.975,8
D Suministro de energía eléctrica, gas, vapor y aire acondicionado;Mujeres;2019;-45.012,2
D Suministro de energía eléctrica, gas, vapor y aire acondicionado;Mujeres;2018;-44.395,9
D Suministro de energía eléctrica, gas, vapor y aire acondicionado;Mujeres;2017;-44.656,9
D Suministro de energía eléctrica, gas, vapor y aire acondicionado;Mujeres;2016;-44.147,2
D Suministro de energía eléctrica, gas, vapor y aire acondicionado;Mujeres;2015;-43.674,2
D Suministro de energía eléctrica, gas, vapor y aire acondicionado;Mujeres;2014;-43.473,8
D Suministro de energía eléctrica, gas, vapor y aire acondicionado;Mujeres;2013;-44.341,9
D Suministro de energía eléctrica, gas, vapor y aire acondicionado;Mujeres;2012;-44.634,4
D Suministro de energía eléctrica, gas, vapor y aire acondicionado;Mujeres;2011;-44.662,8
D Suministro de energía eléctrica, gas, vapor y aire acondicionado;Mujeres;2010;-41.782,6
D Suministro de energía eléctrica, gas, vapor y aire acondicionado;Mujeres;2009;-42.200,8
D Suministro de energía eléctrica, gas, vapor y aire acondicionado;Hombres;2021;55.829,7
D Suministro de energía eléctrica, gas, vapor y aire acondicionado;Hombres;2020;56.481,6
D Suministro de energía eléctrica, gas, vapor y aire acondicionado;Hombres;2019;54.357,9
D Suministro de energía eléctrica, gas, vapor y aire acondicionado;Hombres;2018;53.379,9
D Suministro de energía eléctrica, gas, vapor y aire acondicionado;Hombres;2017;54.199,4
D Suministro de energía eléctrica, gas, vapor y aire acondicionado;Hombres;2016;52.960,0
D Suministro de energía eléctrica, gas, vapor y aire acondicionado;Hombres;2015;54.024,9
D Suministro de energía eléctrica, gas, vapor y aire acondicionado;Hombres;2014;53.084,9
D Suministro de energía eléctrica, gas, vapor y aire acondicionado;Hombres;2013;55.348,5
D Suministro de energía eléctrica, gas, vapor y aire acondicionado;Hombres;2012;54.195,6
D Suministro de energía eléctrica, gas, vapor y aire acondicionado;Hombres;2011;51.612,3
D Suministro de energía eléctrica, gas, vapor y aire acondicionado;Hombres;2010;50.426,3
D Suministro de energía eléctrica, gas, vapor y aire acondicionado;Hombres;2009;52.190,7
D Suministro de energía eléctrica, gas, vapor y aire acondicionado;Cociente mujeres respecto a hombres;2021;-81,4
D Suministro de energía eléctrica, gas, vapor y aire acondicionado;Cociente mujeres respecto a hombres;2020;-81,4
D Suministro de energía eléctrica, gas, vapor y aire acondicionado;Cociente mujeres respecto a hombres;2019;-82,8
D Suministro de energía eléctrica, gas, vapor y aire acondicionado;Cociente mujeres respecto a hombres;2018;-83,2
D Suministro de energía eléctrica, gas, vapor y aire acondicionado;Cociente mujeres respecto a hombres;2017;-82,4
D Suministro de energía eléctrica, gas, vapor y aire acondicionado;Cociente mujeres respecto a hombres;2016;-83,3
D Suministro de energía eléctrica, gas, vapor y aire acondicionado;Cociente mujeres respecto a hombres;2015;-80,8
D Suministro de energía eléctrica, gas, vapor y aire acondicionado;Cociente mujeres respecto a hombres;2014;-81,9
D Suministro de energía eléctrica, gas, vapor y aire acondicionado;Cociente mujeres respecto a hombres;2013;-80,1
D Suministro de energía eléctrica, gas, vapor y aire acondicionado;Cociente mujeres respecto a hombres;2012;-82,3
D Suministro de energía eléctrica, gas, vapor y aire acondicionado;Cociente mujeres respecto a hombres;2011;-86,5
D Suministro de energía eléctrica, gas, vapor y aire acondicionado;Cociente mujeres respecto a hombres;2010;-82,8
D Suministro de energía eléctrica, gas, vapor y aire acondicionado;Cociente mujeres respecto a hombres;2009;-80,8
I Hostelería;Mujeres;2021;13.388,5
I Hostelería;Mujeres;2020;12.874,1
I Hostelería;Mujeres;2019;13.410,4
I Hostelería;Mujeres;2018;12.808,9
I Hostelería;Mujeres;2017;13.161,3
I Hostelería;Mujeres;2016;12.608,9
I Hostelería;Mujeres;2015;12.563,1
I Hostelería;Mujeres;2014;12.311,8
I Hostelería;Mujeres;2013;12.536,3
I Hostelería;Mujeres;2012;12.694,2
I Hostelería;Mujeres;2011;12.645,9
I Hostelería;Mujeres;2010;12.825,5
I Hostelería;Mujeres;2009;12.518,3
I Hostelería;Hombres;2021;16.229,9
I Hostelería;Hombres;2020;15.768,0
I Hostelería;Hombres;2019;16.134,5
I Hostelería;Hombres;2018;16.271,8
I Hostelería;Hombres;2017;16.138,9
I Hostelería;Hombres;2016;15.907,9
I Hostelería;Hombres;2015;15.751,3
I Hostelería;Hombres;2014;15.368,5
I Hostelería;Hombres;2013;15.552,5
I Hostelería;Hombres;2012;15.518,3
I Hostelería;Hombres;2011;16.216,7
I Hostelería;Hombres;2010;16.891,7
I Hostelería;Hombres;2009;15.940,3
I Hostelería;Cociente mujeres respecto a hombres;2021;82,5
I Hostelería;Cociente mujeres respecto a hombres;2020;81,6
I Hostelería;Cociente mujeres respecto a hombres;2019;83,1
I Hostelería;Cociente mujeres respecto a hombres;2018;78,7
I Hostelería;Cociente mujeres respecto a hombres;2017;81,5
I Hostelería;Cociente mujeres respecto a hombres;2016;79,3
I Hostelería;Cociente mujeres respecto a hombres;2015;79,8
I Hostelería;Cociente mujeres respecto a hombres;2014;80,1
I Hostelería;Cociente mujeres respecto a hombres;2013;80,6
I Hostelería;Cociente mujeres respecto a hombres;2012;81,8
I Hostelería;Cociente mujeres respecto a hombres;2011;78,0
I Hostelería;Cociente mujeres respecto a hombres;2010;75,9
I Hostelería;Cociente mujeres respecto a hombres;2009;78,5
J Información y comunicaciones;Mujeres;2021;33.225,6
J Información y comunicaciones;Mujeres;2020;32.227,7
J Información y comunicaciones;Mujeres;2019;30.898,6
J Información y comunicaciones;Mujeres;2018;29.099,5
J Información y comunicaciones;Mujeres;2017;30.015,5
J Información y comunicaciones;Mujeres;2016;28.834,5
J Información y comunicaciones;Mujeres;2015;28.935,7
J Información y comunicaciones;Mujeres;2014;29.224,0
J Información y comunicaciones;Mujeres;2013;28.651,3
J Información y comunicaciones;Mujeres;2012;28.166,3
J Información y comunicaciones;Mujeres;2011;28.464,3
J Información y comunicaciones;Mujeres;2010;28.610,1
J Información y comunicaciones;Mujeres;2009;26.716,3
J Información y comunicaciones;Hombres;2021;38.514,2
J Información y comunicaciones;Hombres;2020;37.580,5
J Información y comunicaciones;Hombres;2019;36.746,4
J Información y comunicaciones;Hombres;2018;35.411,2
J Información y comunicaciones;Hombres;2017;35.768,8
J Información y comunicaciones;Hombres;2016;34.475,1
J Información y comunicaciones;Hombres;2015;35.417,9
J Información y comunicaciones;Hombres;2014;34.740,6
J Información y comunicaciones;Hombres;2013;35.756,3
J Información y comunicaciones;Hombres;2012;35.196,0
J Información y comunicaciones;Hombres;2011;34.990,9
J Información y comunicaciones;Hombres;2010;34.727,0
J Información y comunicaciones;Hombres;2009;34.513,4
J Información y comunicaciones;Cociente mujeres respecto a hombres;2021;86,3
J Información y comunicaciones;Cociente mujeres respecto a hombres;2020;85,8
J Información y comunicaciones;Cociente mujeres respecto a hombres;2019;84,1
J Información y comunicaciones;Cociente mujeres respecto a hombres;2018;82,2
J Información y comunicaciones;Cociente mujeres respecto a hombres;2017;83,9
J Información y comunicaciones;Cociente mujeres respecto a hombres;2016;83,6
J Información y comunicaciones;Cociente mujeres respecto a hombres;2015;81,7
J Información y comunicaciones;Cociente mujeres respecto a hombres;2014;84,1
J Información y comunicaciones;Cociente mujeres respecto a hombres;2013;80,1
J Información y comunicaciones;Cociente mujeres respecto a hombres;2012;80,0
J Información y comunicaciones;Cociente mujeres respecto a hombres;2011;81,3
J Información y comunicaciones;Cociente mujeres respecto a hombres;2010;82,4
J Información y comunicaciones;Cociente mujeres respecto a hombres;2009;77,4
C Industria manufacturera;Mujeres;2021;24.456,8
C Industria manufacturera;Mujeres;2020;23.765,8
C Industria manufacturera;Mujeres;2019;23.339,3
C Industria manufacturera;Mujeres;2018;23.091,8
C Industria manufacturera;Mujeres;2017;22.857,8
C Industria manufacturera;Mujeres;2016;22.261,9
C Industria manufacturera;Mujeres;2015;22.001,0
C Industria manufacturera;Mujeres;2014;21.923,1
C Industria manufacturera;Mujeres;2013;21.464,9
C Industria manufacturera;Mujeres;2012;20.975,2
C Industria manufacturera;Mujeres;2011;20.683,0
C Industria manufacturera;Mujeres;2010;20.584,2
C Industria manufacturera;Mujeres;2009;19.728,0
C Industria manufacturera;Hombres;2021;30.102,3
C Industria manufacturera;Hombres;2020;29.383,7
C Industria manufacturera;Hombres;2019;29.188,9
C Industria manufacturera;Hombres;2018;29.288,3
C Industria manufacturera;Hombres;2017;28.741,2
C Industria manufacturera;Hombres;2016;28.256,2
C Industria manufacturera;Hombres;2015;28.129,9
C Industria manufacturera;Hombres;2014;28.086,9
C Industria manufacturera;Hombres;2013;27.657,9
C Industria manufacturera;Hombres;2012;27.110,1
C Industria manufacturera;Hombres;2011;26.923,0
C Industria manufacturera;Hombres;2010;26.355,2
C Industria manufacturera;Hombres;2009;25.341,9
C Industria manufacturera;Cociente mujeres respecto a hombres;2021;81,2
C Industria manufacturera;Cociente mujeres respecto a hombres;2020;80,9
C Industria manufacturera;Cociente mujeres respecto a hombres;2019;80,0
C Industria manufacturera;Cociente mujeres respecto a hombres;2018;78,8
C Industria manufacturera;Cociente mujeres respecto a hombres;2017;79,5
C Industria manufacturera;Cociente mujeres respecto a hombres;2016;78,8
C Industria manufacturera;Cociente mujeres respecto a hombres;2015;78,2
C Industria manufacturera;Cociente mujeres respecto a hombres;2014;78,0
C Industria manufacturera;Cociente mujeres respecto a hombres;2013;77,6
C Industria manufacturera;Cociente mujeres respecto a hombres;2012;77,4
C Industria manufacturera;Cociente mujeres respecto a hombres;2011;76,8
C Industria manufacturera;Cociente mujeres respecto a hombres;2010;78,1
C Industria manufacturera;Cociente mujeres respecto a hombres;2009;77,8
R Actividades artísticas, recreativas y de entretenimiento;Mujeres;2021;16.753,6
R Actividades artísticas, recreativas y de entretenimiento;Mujeres;2020;16.822,4
R Actividades artísticas, recreativas y de entretenimiento;Mujeres;2019;16.253,1
R Actividades artísticas, recreativas y de entretenimiento;Mujeres;2018;16.365,6
R Actividades artísticas, recreativas y de entretenimiento;Mujeres;2017;15.526,4
R Actividades artísticas, recreativas y de entretenimiento;Mujeres;2016;15.209,4
R Actividades artísticas, recreativas y de entretenimiento;Mujeres;2015;14.741,5
R Actividades artísticas, recreativas y de entretenimiento;Mujeres;2014;13.824,2
R Actividades artísticas, recreativas y de entretenimiento;Mujeres;2013;15.960,8
R Actividades artísticas, recreativas y de entretenimiento;Mujeres;2012;14.784,5
R Actividades artísticas, recreativas y de entretenimiento;Mujeres;2011;15.840,5
R Actividades artísticas, recreativas y de entretenimiento;Mujeres;2010;15.131,2
R Actividades artísticas, recreativas y de entretenimiento;Mujeres;2009;15.058,3
R Actividades artísticas, recreativas y de entretenimiento;Hombres;2021;19.600,5
R Actividades artísticas, recreativas y de entretenimiento;Hombres;2020;19.934,5
R Actividades artísticas, recreativas y de entretenimiento;Hombres;2019;19.402,4
R Actividades artísticas, recreativas y de entretenimiento;Hombres;2018;20.139,6
R Actividades artísticas, recreativas y de entretenimiento;Hombres;2017;19.406,7
R Actividades artísticas, recreativas y de entretenimiento;Hombres;2016;19.367,3
R Actividades artísticas, recreativas y de entretenimiento;Hombres;2015;19.571,4
R Actividades artísticas, recreativas y de entretenimiento;Hombres;2014;19.512,3
R Actividades artísticas, recreativas y de entretenimiento;Hombres;2013;19.938,5
R Actividades artísticas, recreativas y de entretenimiento;Hombres;2012;19.139,2
R Actividades artísticas, recreativas y de entretenimiento;Hombres;2011;19.872,8
R Actividades artísticas, recreativas y de entretenimiento;Hombres;2010;20.345,1
R Actividades artísticas, recreativas y de entretenimiento;Hombres;2009;18.371,5
R Actividades artísticas, recreativas y de entretenimiento;Cociente mujeres respecto a hombres;2021;85,5
R Actividades artísticas, recreativas y de entretenimiento;Cociente mujeres respecto a hombres;2020;84,4
R Actividades artísticas, recreativas y de entretenimiento;Cociente mujeres respecto a hombres;2019;83,8
R Actividades artísticas, recreativas y de entretenimiento;Cociente mujeres respecto a hombres;2018;81,3
R Actividades artísticas, recreativas y de entretenimiento;Cociente mujeres respecto a hombres;2017;80,0
R Actividades artísticas, recreativas y de entretenimiento;Cociente mujeres respecto a hombres;2016;78,5
R Actividades artísticas, recreativas y de entretenimiento;Cociente mujeres respecto a hombres;2015;75,3
R Actividades artísticas, recreativas y de entretenimiento;Cociente mujeres respecto a hombres;2014;70,8
R Actividades artísticas, recreativas y de entretenimiento;Cociente mujeres respecto a hombres;2013;80,0
R Actividades artísticas, recreativas y de entretenimiento;Cociente mujeres respecto a hombres;2012;77,2
R Actividades artísticas, recreativas y de entretenimiento;Cociente mujeres respecto a hombres;2011;79,7
R Actividades artísticas, recreativas y de entretenimiento;Cociente mujeres respecto a hombres;2010;74,4
R Actividades artísticas, recreativas y de entretenimiento;Cociente mujeres respecto a hombres;2009;82,0
K Actividades financieras y de seguros;Mujeres;2021;40.990,2
K Actividades financieras y de seguros;Mujeres;2020;40.159,8
K Actividades financieras y de seguros;Mujeres;2019;39.100,5
K Actividades financieras y de seguros;Mujeres;2018;39.662,4
K Actividades financieras y de seguros;Mujeres;2017;38.521,1
K Actividades financieras y de seguros;Mujeres;2016;36.939,6
K Actividades financieras y de seguros;Mujeres;2015;36.455,8
K Actividades financieras y de seguros;Mujeres;2014;35.829,2
K Actividades financieras y de seguros;Mujeres;2013;33.941,6
K Actividades financieras y de seguros;Mujeres;2012;36.421,0
K Actividades financieras y de seguros;Mujeres;2011;35.428,2
K Actividades financieras y de seguros;Mujeres;2010;35.922,4
K Actividades financieras y de seguros;Mujeres;2009;34.772,5
K Actividades financieras y de seguros;Hombres;2021;52.714,9
K Actividades financieras y de seguros;Hombres;2020;52.920,8
K Actividades financieras y de seguros;Hombres;2019;50.830,7
K Actividades financieras y de seguros;Hombres;2018;51.843,1
K Actividades financieras y de seguros;Hombres;2017;50.049,2
K Actividades financieras y de seguros;Hombres;2016;49.257,6
K Actividades financieras y de seguros;Hombres;2015;47.533,7
K Actividades financieras y de seguros;Hombres;2014;46.260,7
K Actividades financieras y de seguros;Hombres;2013;45.963,6
K Actividades financieras y de seguros;Hombres;2012;47.464,8
K Actividades financieras y de seguros;Hombres;2011;46.858,5
K Actividades financieras y de seguros;Hombres;2010;47.081,2
K Actividades financieras y de seguros;Hombres;2009;48.054,7
K Actividades financieras y de seguros;Cociente mujeres respecto a hombres;2021;77,8
K Actividades financieras y de seguros;Cociente mujeres respecto a hombres;2020;75,9
K Actividades financieras y de seguros;Cociente mujeres respecto a hombres;2019;76,9
K Actividades financieras y de seguros;Cociente mujeres respecto a hombres;2018;76,5
K Actividades financieras y de seguros;Cociente mujeres respecto a hombres;2017;77,0
K Actividades financieras y de seguros;Cociente mujeres respecto a hombres;2016;75,0
K Actividades financieras y de seguros;Cociente mujeres respecto a hombres;2015;76,7
K Actividades financieras y de seguros;Cociente mujeres respecto a hombres;2014;77,5
K Actividades financieras y de seguros;Cociente mujeres respecto a hombres;2013;73,8
K Actividades financieras y de seguros;Cociente mujeres respecto a hombres;2012;76,7
K Actividades financieras y de seguros;Cociente mujeres respecto a hombres;2011;75,6
K Actividades financieras y de seguros;Cociente mujeres respecto a hombres;2010;76,3
K Actividades financieras y de seguros;Cociente mujeres respecto a hombres;2009;72,4
L Actividades inmobiliarias;Mujeres;2021;21.787,7
L Actividades inmobiliarias;Mujeres;2020;20.142,4
L Actividades inmobiliarias;Mujeres;2019;19.981,8
L Actividades inmobiliarias;Mujeres;2018;18.744,3
L Actividades inmobiliarias;Mujeres;2017;18.488,3
L Actividades inmobiliarias;Mujeres;2016;17.809,1
L Actividades inmobiliarias;Mujeres;2015;17.330,1
L Actividades inmobiliarias;Mujeres;2014;17.775,6
L Actividades inmobiliarias;Mujeres;2013;16.700,5
L Actividades inmobiliarias;Mujeres;2012;17.538,3
L Actividades inmobiliarias;Mujeres;2011;17.988,2
L Actividades inmobiliarias;Mujeres;2010;17.089,8
L Actividades inmobiliarias;Mujeres;2009;17.103,6
L Actividades inmobiliarias;Hombres;2021;29.121,0
L Actividades inmobiliarias;Hombres;2020;28.191,0
L Actividades inmobiliarias;Hombres;2019;28.297,0
L Actividades inmobiliarias;Hombres;2018;25.083,5
L Actividades inmobiliarias;Hombres;2017;25.392,8
L Actividades inmobiliarias;Hombres;2016;25.172,7
L Actividades inmobiliarias;Hombres;2015;25.763,3
L Actividades inmobiliarias;Hombres;2014;24.909,2
L Actividades inmobiliarias;Hombres;2013;22.821,1
L Actividades inmobiliarias;Hombres;2012;23.419,1
L Actividades inmobiliarias;Hombres;2011;24.150,0
L Actividades inmobiliarias;Hombres;2010;23.993,3
L Actividades inmobiliarias;Hombres;2009;24.134,7
L Actividades inmobiliarias;Cociente mujeres respecto a hombres;2021;74,8
L Actividades inmobiliarias;Cociente mujeres respecto a hombres;2020;71,4
L Actividades inmobiliarias;Cociente mujeres respecto a hombres;2019;70,6
L Actividades inmobiliarias;Cociente mujeres respecto a hombres;2018;74,7
L Actividades inmobiliarias;Cociente mujeres respecto a hombres;2017;72,8
L Actividades inmobiliarias;Cociente mujeres respecto a hombres;2016;70,7
L Actividades inmobiliarias;Cociente mujeres respecto a hombres;2015;67,3
L Actividades inmobiliarias;Cociente mujeres respecto a hombres;2014;71,4
L Actividades inmobiliarias;Cociente mujeres respecto a hombres;2013;73,2
L Actividades inmobiliarias;Cociente mujeres respecto a hombres;2012;74,9
L Actividades inmobiliarias;Cociente mujeres respecto a hombres;2011;74,5
L Actividades inmobiliarias;Cociente mujeres respecto a hombres;2010;71,2
L Actividades inmobiliarias;Cociente mujeres respecto a hombres;2009;70,9
G Comercio al por mayor y al por menor, reparación de vehículos de motor y motocicletas;Mujeres;2021;19.026,1
G Comercio al por mayor y al por menor, reparación de vehículos de motor y motocicletas;Mujeres;2020;18.243,6
G Comercio al por mayor y al por menor, reparación de vehículos de motor y motocicletas;Mujeres;2019;17.981,8
G Comercio al por mayor y al por menor, reparación de vehículos de motor y motocicletas;Mujeres;2018;17.741,2
G Comercio al por mayor y al por menor, reparación de vehículos de motor y motocicletas;Mujeres;2017;17.377,7
G Comercio al por mayor y al por menor, reparación de vehículos de motor y motocicletas;Mujeres;2016;16.726,5
G Comercio al por mayor y al por menor, reparación de vehículos de motor y motocicletas;Mujeres;2015;16.481,3
G Comercio al por mayor y al por menor, reparación de vehículos de motor y motocicletas;Mujeres;2014;16.529,0
G Comercio al por mayor y al por menor, reparación de vehículos de motor y motocicletas;Mujeres;2013;16.297,1
G Comercio al por mayor y al por menor, reparación de vehículos de motor y motocicletas;Mujeres;2012;16.446,7
G Comercio al por mayor y al por menor, reparación de vehículos de motor y motocicletas;Mujeres;2011;16.140,7
G Comercio al por mayor y al por menor, reparación de vehículos de motor y motocicletas;Mujeres;2010;15.964,0
G Comercio al por mayor y al por menor, reparación de vehículos de motor y motocicletas;Mujeres;2009;16.074,2
G Comercio al por mayor y al por menor, reparación de vehículos de motor y motocicletas;Hombres;2021;25.298,0
G Comercio al por mayor y al por menor, reparación de vehículos de motor y motocicletas;Hombres;2020;24.411,9
G Comercio al por mayor y al por menor, reparación de vehículos de motor y motocicletas;Hombres;2019;24.237,9
G Comercio al por mayor y al por menor, reparación de vehículos de motor y motocicletas;Hombres;2018;24.277,2
G Comercio al por mayor y al por menor, reparación de vehículos de motor y motocicletas;Hombres;2017;23.829,7
G Comercio al por mayor y al por menor, reparación de vehículos de motor y motocicletas;Hombres;2016;22.826,0
G Comercio al por mayor y al por menor, reparación de vehículos de motor y motocicletas;Hombres;2015;22.903,7
G Comercio al por mayor y al por menor, reparación de vehículos de motor y motocicletas;Hombres;2014;22.987,9
G Comercio al por mayor y al por menor, reparación de vehículos de motor y motocicletas;Hombres;2013;22.043,8
G Comercio al por mayor y al por menor, reparación de vehículos de motor y motocicletas;Hombres;2012;22.702,3
G Comercio al por mayor y al por menor, reparación de vehículos de motor y motocicletas;Hombres;2011;22.924,3
G Comercio al por mayor y al por menor, reparación de vehículos de motor y motocicletas;Hombres;2010;22.386,7
G Comercio al por mayor y al por menor, reparación de vehículos de motor y motocicletas;Hombres;2009;22.843,1
G Comercio al por mayor y al por menor, reparación de vehículos de motor y motocicletas;Cociente mujeres respecto a hombres;2021;75,2
G Comercio al por mayor y al por menor, reparación de vehículos de motor y motocicletas;Cociente mujeres respecto a hombres;2020;74,7
G Comercio al por mayor y al por menor, reparación de vehículos de motor y motocicletas;Cociente mujeres respecto a hombres;2019;74,2
G Comercio al por mayor y al por menor, reparación de vehículos de motor y motocicletas;Cociente mujeres respecto a hombres;2018;73,1
G Comercio al por mayor y al por menor, reparación de vehículos de motor y motocicletas;Cociente mujeres respecto a hombres;2017;72,9
G Comercio al por mayor y al por menor, reparación de vehículos de motor y motocicletas;Cociente mujeres respecto a hombres;2016;73,3
G Comercio al por mayor y al por menor, reparación de vehículos de motor y motocicletas;Cociente mujeres respecto a hombres;2015;72,0
G Comercio al por mayor y al por menor, reparación de vehículos de motor y motocicletas;Cociente mujeres respecto a hombres;2014;71,9
G Comercio al por mayor y al por menor, reparación de vehículos de motor y motocicletas;Cociente mujeres respecto a hombres;2013;73,9
G Comercio al por mayor y al por menor, reparación de vehículos de motor y motocicletas;Cociente mujeres respecto a hombres;2012;72,4
G Comercio al por mayor y al por menor, reparación de vehículos de motor y motocicletas;Cociente mujeres respecto a hombres;2011;70,4
G Comercio al por mayor y al por menor, reparación de vehículos de motor y motocicletas;Cociente mujeres respecto a hombres;2010;71,3
G Comercio al por mayor y al por menor, reparación de vehículos de motor y motocicletas;Cociente mujeres respecto a hombres;2009;70,4
Q Actividades sanitarias y de servicios sociales;Mujeres;2021;26.403,2
Q Actividades sanitarias y de servicios sociales;Mujeres;2020;25.957,4
Q Actividades sanitarias y de servicios sociales;Mujeres;2019;25.432,1
Q Actividades sanitarias y de servicios sociales;Mujeres;2018;24.599,6
Q Actividades sanitarias y de servicios sociales;Mujeres;2017;23.839,4
Q Actividades sanitarias y de servicios sociales;Mujeres;2016;23.655,1
Q Actividades sanitarias y de servicios sociales;Mujeres;2015;23.889,5
Q Actividades sanitarias y de servicios sociales;Mujeres;2014;22.864,5
Q Actividades sanitarias y de servicios sociales;Mujeres;2013;22.691,9
Q Actividades sanitarias y de servicios sociales;Mujeres;2012;22.843,6
Q Actividades sanitarias y de servicios sociales;Mujeres;2011;23.893,3
Q Actividades sanitarias y de servicios sociales;Mujeres;2010;24.173,7
Q Actividades sanitarias y de servicios sociales;Mujeres;2009;23.850,5
Q Actividades sanitarias y de servicios sociales;Hombres;2021;37.270,2
Q Actividades sanitarias y de servicios sociales;Hombres;2020;36.248,3
Q Actividades sanitarias y de servicios sociales;Hombres;2019;34.771,2
Q Actividades sanitarias y de servicios sociales;Hombres;2018;34.173,8
Q Actividades sanitarias y de servicios sociales;Hombres;2017;33.735,1
Q Actividades sanitarias y de servicios sociales;Hombres;2016;33.723,1
Q Actividades sanitarias y de servicios sociales;Hombres;2015;32.830,9
Q Actividades sanitarias y de servicios sociales;Hombres;2014;30.865,2
Q Actividades sanitarias y de servicios sociales;Hombres;2013;32.175,9
Q Actividades sanitarias y de servicios sociales;Hombres;2012;32.786,8
Q Actividades sanitarias y de servicios sociales;Hombres;2011;33.198,3
Q Actividades sanitarias y de servicios sociales;Hombres;2010;33.556,5
Q Actividades sanitarias y de servicios sociales;Hombres;2009;31.757,1
Q Actividades sanitarias y de servicios sociales;Cociente mujeres respecto a hombres;2021;70,8
Q Actividades sanitarias y de servicios sociales;Cociente mujeres respecto a hombres;2020;71,6
Q Actividades sanitarias y de servicios sociales;Cociente mujeres respecto a hombres;2019;73,1
Q Actividades sanitarias y de servicios sociales;Cociente mujeres respecto a hombres;2018;72,0
Q Actividades sanitarias y de servicios sociales;Cociente mujeres respecto a hombres;2017;70,7
Q Actividades sanitarias y de servicios sociales;Cociente mujeres respecto a hombres;2016;70,1
Q Actividades sanitarias y de servicios sociales;Cociente mujeres respecto a hombres;2015;72,8
Q Actividades sanitarias y de servicios sociales;Cociente mujeres respecto a hombres;2014;74,1
Q Actividades sanitarias y de servicios sociales;Cociente mujeres respecto a hombres;2013;70,5
Q Actividades sanitarias y de servicios sociales;Cociente mujeres respecto a hombres;2012;69,7
Q Actividades sanitarias y de servicios sociales;Cociente mujeres respecto a hombres;2011;72,0
Q Actividades sanitarias y de servicios sociales;Cociente mujeres respecto a hombres;2010;72,0
Q Actividades sanitarias y de servicios sociales;Cociente mujeres respecto a hombres;2009;75,1
M Actividades profesionales, científicas y técnicas;Mujeres;2021;25.741,8
M Actividades profesionales, científicas y técnicas;Mujeres;2020;24.433,2
M Actividades profesionales, científicas y técnicas;Mujeres;2019;23.592,7
M Actividades profesionales, científicas y técnicas;Mujeres;2018;23.409,5
M Actividades profesionales, científicas y técnicas;Mujeres;2017;22.709,0
M Actividades profesionales, científicas y técnicas;Mujeres;2016;21.942,9
M Actividades profesionales, científicas y técnicas;Mujeres;2015;21.980,6
M Actividades profesionales, científicas y técnicas;Mujeres;2014;21.964,5
M Actividades profesionales, científicas y técnicas;Mujeres;2013;21.226,6
M Actividades profesionales, científicas y técnicas;Mujeres;2012;20.753,4
M Actividades profesionales, científicas y técnicas;Mujeres;2011;21.158,0
M Actividades profesionales, científicas y técnicas;Mujeres;2010;21.309,7
M Actividades profesionales, científicas y técnicas;Mujeres;2009;20.598,9
M Actividades profesionales, científicas y técnicas;Hombres;2021;34.926,2
M Actividades profesionales, científicas y técnicas;Hombres;2020;34.161,9
M Actividades profesionales, científicas y técnicas;Hombres;2019;33.541,1
M Actividades profesionales, científicas y técnicas;Hombres;2018;33.778,3
M Actividades profesionales, científicas y técnicas;Hombres;2017;33.020,5
M Actividades profesionales, científicas y técnicas;Hombres;2016;31.967,2
M Actividades profesionales, científicas y técnicas;Hombres;2015;31.586,3
M Actividades profesionales, científicas y técnicas;Hombres;2014;31.673,3
M Actividades profesionales, científicas y técnicas;Hombres;2013;30.643,5
M Actividades profesionales, científicas y técnicas;Hombres;2012;30.381,5
M Actividades profesionales, científicas y técnicas;Hombres;2011;30.460,8
M Actividades profesionales, científicas y técnicas;Hombres;2010;30.649,2
M Actividades profesionales, científicas y técnicas;Hombres;2009;31.325,3
M Actividades profesionales, científicas y técnicas;Cociente mujeres respecto a hombres;2021;73,7
M Actividades profesionales, científicas y técnicas;Cociente mujeres respecto a hombres;2020;71,5
M Actividades profesionales, científicas y técnicas;Cociente mujeres respecto a hombres;2019;70,3
M Actividades profesionales, científicas y técnicas;Cociente mujeres respecto a hombres;2018;69,3
M Actividades profesionales, científicas y técnicas;Cociente mujeres respecto a hombres;2017;68,8
M Actividades profesionales, científicas y técnicas;Cociente mujeres respecto a hombres;2016;68,6
M Actividades profesionales, científicas y técnicas;Cociente mujeres respecto a hombres;2015;69,6
M Actividades profesionales, científicas y técnicas;Cociente mujeres respecto a hombres;2014;69,3
M Actividades profesionales, científicas y técnicas;Cociente mujeres respecto a hombres;2013;69,3
M Actividades profesionales, científicas y técnicas;Cociente mujeres respecto a hombres;2012;68,3
M Actividades profesionales, científicas y técnicas;Cociente mujeres respecto a hombres;2011;69,5
M Actividades profesionales, científicas y técnicas;Cociente mujeres respecto a hombres;2010;69,5
M Actividades profesionales, científicas y técnicas;Cociente mujeres respecto a hombres;2009;65,8
N Actividades administrativas y servicios auxiliares;Mujeres;2021;15.248,4
N Actividades administrativas y servicios auxiliares;Mujeres;2020;14.835,7
N Actividades administrativas y servicios auxiliares;Mujeres;2019;14.322,4
N Actividades administrativas y servicios auxiliares;Mujeres;2018;14.101,2
N Actividades administrativas y servicios auxiliares;Mujeres;2017;13.604,1
N Actividades administrativas y servicios auxiliares;Mujeres;2016;13.309,5
N Actividades administrativas y servicios auxiliares;Mujeres;2015;13.085,1
N Actividades administrativas y servicios auxiliares;Mujeres;2014;12.922,0
N Actividades administrativas y servicios auxiliares;Mujeres;2013;13.028,7
N Actividades administrativas y servicios auxiliares;Mujeres;2012;13.273,9
N Actividades administrativas y servicios auxiliares;Mujeres;2011;13.246,2
N Actividades administrativas y servicios auxiliares;Mujeres;2010;12.864,9
N Actividades administrativas y servicios auxiliares;Mujeres;2009;13.056,1
N Actividades administrativas y servicios auxiliares;Hombres;2021;21.648,6
N Actividades administrativas y servicios auxiliares;Hombres;2020;21.522,8
N Actividades administrativas y servicios auxiliares;Hombres;2019;20.661,1
N Actividades administrativas y servicios auxiliares;Hombres;2018;20.793,9
N Actividades administrativas y servicios auxiliares;Hombres;2017;20.174,9
N Actividades administrativas y servicios auxiliares;Hombres;2016;19.749,5
N Actividades administrativas y servicios auxiliares;Hombres;2015;19.823,5
N Actividades administrativas y servicios auxiliares;Hombres;2014;19.623,3
N Actividades administrativas y servicios auxiliares;Hombres;2013;19.466,1
N Actividades administrativas y servicios auxiliares;Hombres;2012;19.875,2
N Actividades administrativas y servicios auxiliares;Hombres;2011;19.762,5
N Actividades administrativas y servicios auxiliares;Hombres;2010;19.705,2
N Actividades administrativas y servicios auxiliares;Hombres;2009;19.132,9
N Actividades administrativas y servicios auxiliares;Cociente mujeres respecto a hombres;2021;70,4
N Actividades administrativas y servicios auxiliares;Cociente mujeres respecto a hombres;2020;68,9
N Actividades administrativas y servicios auxiliares;Cociente mujeres respecto a hombres;2019;69,3
N Actividades administrativas y servicios auxiliares;Cociente mujeres respecto a hombres;2018;67,8
N Actividades administrativas y servicios auxiliares;Cociente mujeres respecto a hombres;2017;67,4
N Actividades administrativas y servicios auxiliares;Cociente mujeres respecto a hombres;2016;67,4
N Actividades administrativas y servicios auxiliares;Cociente mujeres respecto a hombres;2015;66,0
N Actividades administrativas y servicios auxiliares;Cociente mujeres respecto a hombres;2014;65,8
N Actividades administrativas y servicios auxiliares;Cociente mujeres respecto a hombres;2013;66,9
N Actividades administrativas y servicios auxiliares;Cociente mujeres respecto a hombres;2012;66,8
N Actividades administrativas y servicios auxiliares;Cociente mujeres respecto a hombres;2011;67,0
N Actividades administrativas y servicios auxiliares;Cociente mujeres respecto a hombres;2010;65,3
N Actividades administrativas y servicios auxiliares;Cociente mujeres respecto a hombres;2009;68,2
S Otros servicios;Mujeres;2021;16.367,8
S Otros servicios;Mujeres;2020;15.319,6
S Otros servicios;Mujeres;2019;14.952,8
S Otros servicios;Mujeres;2018;14.266,9
S Otros servicios;Mujeres;2017;14.001,0
S Otros servicios;Mujeres;2016;13.687,6
S Otros servicios;Mujeres;2015;13.772,9
S Otros servicios;Mujeres;2014;13.960,9
S Otros servicios;Mujeres;2013;14.190,3
S Otros servicios;Mujeres;2012;14.254,3
S Otros servicios;Mujeres;2011;14.315,4
S Otros servicios;Mujeres;2010;14.040,6
S Otros servicios;Mujeres;2009;13.721,9
S Otros servicios;Hombres;2021;21.823,5
S Otros servicios;Hombres;2020;21.780,5
S Otros servicios;Hombres;2019;21.425,6
S Otros servicios;Hombres;2018;20.798,0
S Otros servicios;Hombres;2017;20.752,3
S Otros servicios;Hombres;2016;20.195,9
S Otros servicios;Hombres;2015;20.781,9
S Otros servicios;Hombres;2014;21.003,6
S Otros servicios;Hombres;2013;21.893,6
S Otros servicios;Hombres;2012;22.308,4
S Otros servicios;Hombres;2011;22.304,8
S Otros servicios;Hombres;2010;21.759,2
S Otros servicios;Hombres;2009;20.085,9
S Otros servicios;Cociente mujeres respecto a hombres;2021;75,0
S Otros servicios;Cociente mujeres respecto a hombres;2020;70,3
S Otros servicios;Cociente mujeres respecto a hombres;2019;69,8
S Otros servicios;Cociente mujeres respecto a hombres;2018;68,6
S Otros servicios;Cociente mujeres respecto a hombres;2017;67,5
S Otros servicios;Cociente mujeres respecto a hombres;2016;67,8
S Otros servicios;Cociente mujeres respecto a hombres;2015;66,3
S Otros servicios;Cociente mujeres respecto a hombres;2014;66,5
S Otros servicios;Cociente mujeres respecto a hombres;2013;64,8
S Otros servicios;Cociente mujeres respecto a hombres;2012;63,9
S Otros servicios;Cociente mujeres respecto a hombres;2011;64,2
S Otros servicios;Cociente mujeres respecto a hombres;2010;64,5
S Otros servicios;Cociente mujeres respecto a hombres;2009;68,3
